LURN_SAK,INCIDENT_DATE,INCIDENT_REPORTED_DATE,CATEGORY,STAT,STAT_DESC,ADDRESS,STREET,CITY,ZIP,INCIDENT_ID,REPORTING_DISTRICT,SEQ,GANG_RELATED,UNIT_ID,UNIT_NAME,DELETED
18527275,3/23/18 18:35,3/23/18,VAGRANCY,222,VAGRANCY/QUALITY OF LIFE:Illegal Vending,"FLORENCE AVE AND WALNUT DR, LOS ANGELES, CA",FLORENCE AVE AND WALNUT DR,LOS ANGELES,,918-04420-2173,2173,4420,NO,CA01900V3,CENTURY,N
18527329,3/23/18 19:21,3/23/18,VAGRANCY,222,VAGRANCY/QUALITY OF LIFE:Illegal Vending,"FLORENCE AVE AND WALNUT DR, LOS ANGELES, CA",FLORENCE AVE AND WALNUT DR,LOS ANGELES,,918-04422-2173,2173,4422,NO,CA01900V3,CENTURY,N
18514123,3/12/18 1:40,3/12/18,VAGRANCY,221,VAGRANCY: Loitering/Curfew,"APRICOT DR AND 19TH ST E, PALMDALE, CA",APRICOT DR AND 19TH ST E,PALMDALE,,918-03560-2608,2608,3560,NO,CA01900W9,PALMDALE,N
18681838,8/29/18 6:45,8/29/18,VAGRANCY,221,VAGRANCY: Loitering/Curfew,"W WINNETKA AVE, CHATSWORTH, CA",W WINNETKA AVE,CHATSWORTH,,918-00205-6153,6153,205,NO,CA01900V6,METROLINK BUREAU,N
18642316,7/18/18 13:56,7/18/18,VAGRANCY,222,VAGRANCY/QUALITY OF LIFE:Illegal Vending,"FLORENCE AVE AND GRAHAM AVE, LOS ANGELES, CA",FLORENCE AVE AND GRAHAM AVE,LOS ANGELES,,918-10440-2172,2172,10440,NO,CA01900V3,CENTURY,N
18541955,4/8/18 19:40,4/8/18,VAGRANCY,221,VAGRANCY: Loitering/Curfew,"16000 GALE AVE, HACIENDA HEIGHTS, CA  91745",16000 GALE AVE,HACIENDA HEIGHTS,91745,918-04726-1473,1473,4726,NO,CA0190014,INDUSTRY,N
18555000,4/20/18 10:20,4/20/18,VAGRANCY,221,VAGRANCY: Loitering/Curfew,"15700 VALLEY VIEW AVE, LA MIRADA, CA",15700 VALLEY VIEW AVE,LA MIRADA,,918-06186-0466,466,6186,NO,CA0190004,NORWALK,N
18763726,11/24/18 9:23,11/24/18,VAGRANCY,221,VAGRANCY: Loitering/Curfew,"100 E ARROW HWY, COVINA, CA",100 E ARROW HWY,COVINA,,918-06321-0862,862,6321,NO,CA0190008,SAN DIMAS,N
18695545,9/12/18 14:17,9/12/18,VAGRANCY,222,VAGRANCY/QUALITY OF LIFE:Illegal Vending,"PAMELEE AVE AND 76TH ST, LOS ANGELES, CA",PAMELEE AVE AND 76TH ST,LOS ANGELES,,918-13351-2172,2172,13351,NO,CA01900V3,CENTURY,N
18743665,11/1/18 11:50,11/1/18,VAGRANCY,221,VAGRANCY: Loitering/Curfew,"1000 E AVENUE J, LANCASTER, CA",1000 E AVENUE J,LANCASTER,,918-22661-1135,1135,22661,NO,CA0190024,LANCASTER,N
18737562,10/25/18 20:37,10/25/18,VAGRANCY,222,VAGRANCY/QUALITY OF LIFE:Illegal Vending,"FLORENCE AVE AND HOOPER ST, LOS ANGELES, CA",FLORENCE AVE AND HOOPER ST,LOS ANGELES,,918-15581-2170,2170,15581,NO,CA01900V3,CENTURY,N
18559807,4/25/18 8:45,4/25/18,VAGRANCY,221,VAGRANCY: Loitering/Curfew,"GREEN ST AND ROSEMEAD BLVD, PASADENA, CA  91107",GREEN ST AND ROSEMEAD BLVD,PASADENA,91107,918-05042-0590,590,5042,NO,CA0190005,TEMPLE,N
18682368,8/29/18 16:13,8/29/18,VAGRANCY,221,VAGRANCY: Loitering/Curfew,"WHITTIER BLVD AND ESPERANZA AVE, WHITTIER, CA",WHITTIER BLVD AND ESPERANZA AVE,WHITTIER,,918-06006-1575,1575,6006,NO,CA0190015,PICO RIVERA,N
18484361,2/9/18 14:57,2/9/18,VAGRANCY,222,VAGRANCY/QUALITY OF LIFE:Illegal Vending,"105 FWY AND GARFIELD AVE, PARAMOUNT, CA  90723",105 FWY AND GARFIELD AVE,PARAMOUNT,90723,918-03289-1361,1361,3289,NO,CA0190013,LAKEWOOD,N
18659762,8/6/18 15:09,8/6/18,VAGRANCY,222,VAGRANCY/QUALITY OF LIFE:Illegal Vending,"73RD ST AND COMPTON AVE, LOS ANGELES, CA  90001",73RD ST AND COMPTON AVE,LOS ANGELES,90001,918-11347-2172,2172,11347,NO,CA01900V3,CENTURY,N
18741161,10/29/18 21:53,10/29/18,VAGRANCY,221,VAGRANCY: Loitering/Curfew,"SIERRA HWY AND AVENUE J-2, LANCASTER, CA",SIERRA HWY AND AVENUE J-2,LANCASTER,,918-22465-1123,1123,22465,NO,CA0190024,LANCASTER,N
18701541,9/18/18 20:42,9/18/18,VAGRANCY,221,VAGRANCY: Loitering/Curfew,"10TH ST E AND AVENUE J, LANCASTER, CA",10TH ST E AND AVENUE J,LANCASTER,,918-19155-1132,1132,19155,NO,CA0190024,LANCASTER,N
18532535,3/29/18 11:45,3/29/18,VAGRANCY,221,VAGRANCY: Loitering/Curfew,"AZUSA AVE AND 60 FWY, CITY OF INDUSTRY, CA",AZUSA AVE AND 60 FWY,CITY OF INDUSTRY,,918-04227-1416,1416,4227,NO,CA0190014,INDUSTRY,N
18553125,4/18/18 15:15,4/18/18,VAGRANCY,221,VAGRANCY: Loitering/Curfew,"8200 NORWALK BLVD, WHITTIER, CA  90606",8200 NORWALK BLVD,WHITTIER,90606,918-02755-1578,1578,2755,NO,CA0190015,PICO RIVERA,N
18714430,10/2/18 12:45,10/2/18,VAGRANCY,221,VAGRANCY: Loitering/Curfew,"12100 FRONT ST, NORWALK, CA",12100 FRONT ST,NORWALK,,918-14621-0454,454,14621,NO,CA0190004,NORWALK,N
18694387,9/11/18 13:38,9/11/18,VAGRANCY,222,VAGRANCY/QUALITY OF LIFE:Illegal Vending,"6000 WILMINGTON AVE, LOS ANGELES, CA",6000 WILMINGTON AVE,LOS ANGELES,,918-13286-2171,2171,13286,NO,CA01900V3,CENTURY,N
18665327,8/12/18 9:13,8/12/18,VAGRANCY,222,VAGRANCY/QUALITY OF LIFE:Illegal Vending,"61ST ST AND COMPTON AVE, LOS ANGELES, CA",61ST ST AND COMPTON AVE,LOS ANGELES,,918-11638-2170,2170,11638,NO,CA01900V3,CENTURY,N
18493226,2/17/18 12:37,2/17/18,VAGRANCY,222,VAGRANCY/QUALITY OF LIFE:Illegal Vending,"73RD ST AND COMPTON AVE, LOS ANGELES, CA",73RD ST AND COMPTON AVE,LOS ANGELES,,918-02531-2172,2172,2531,NO,CA01900V3,CENTURY,N
18589297,5/24/18 12:00,5/24/18,VAGRANCY,222,VAGRANCY/QUALITY OF LIFE:Illegal Vending,"1400 73RD ST, LOS ANGELES, CA",1400 73RD ST,LOS ANGELES,,918-07609-2172,2172,7609,NO,CA01900V3,CENTURY,N
18678422,8/25/18 14:21,8/25/18,VAGRANCY,222,VAGRANCY/QUALITY OF LIFE:Illegal Vending,"18400 S AVALON BLVD, CARSON, CA",18400 S AVALON BLVD,CARSON,,918-08900-1612,1612,8900,NO,CA0190016,CARSON,N
18552741,4/18/18 9:18,4/18/18,VAGRANCY,221,VAGRANCY: Loitering/Curfew,"ALAMEDA ST AND BANNING ST, COMPTON, CA",ALAMEDA ST AND BANNING ST,COMPTON,,918-05413-2820,2820,5413,NO,CA0190042,COMPTON,N
18515054,3/12/18 23:30,3/12/18,VAGRANCY,221,VAGRANCY: Loitering/Curfew,"700 W MARIPOSA ST, ALTADENA, CA",700 W MARIPOSA ST,ALTADENA,,918-00746-0771,771,746,NO,CA0190007,ALTADENA,N
18668581,8/15/18 16:45,8/15/18,VAGRANCY,222,VAGRANCY/QUALITY OF LIFE:Illegal Vending,"1400 73RD ST, LOS ANGELES, CA",1400 73RD ST,LOS ANGELES,,918-11809-2172,2172,11809,NO,CA01900V3,CENTURY,N
18715670,10/3/18 13:14,10/3/18,VAGRANCY,222,VAGRANCY/QUALITY OF LIFE:Illegal Vending,"2600 OLIVE ST, WALNUT PARK, CA",2600 OLIVE ST,WALNUT PARK,,918-14414-2178,2178,14414,NO,CA01900V3,CENTURY,N
18580509,5/16/18 8:15,5/16/18,VAGRANCY,221,VAGRANCY: Loitering/Curfew,"W WINNETKA AVE AND S PRARIE AVE, CHATSWORTH, CA",W WINNETKA AVE AND S PRARIE AVE,CHATSWORTH,,918-00114-6153,6153,114,NO,CA01900V6,METROLINK BUREAU,N
18766950,11/28/18 3:07,11/28/18,VAGRANCY,221,VAGRANCY: Loitering/Curfew,"11500 IMPERIAL HWY, NORWALK, CA",11500 IMPERIAL HWY,NORWALK,,918-17715-0453,453,17715,NO,CA0190004,NORWALK,N
18692700,9/9/18 20:36,9/9/18,VAGRANCY,221,VAGRANCY: Loitering/Curfew,"45100 SIERRA HWY, LANCASTER, CA  93534",45100 SIERRA HWY,LANCASTER,93534,918-18393-1122,1122,18393,NO,CA0190024,LANCASTER,N
18618734,6/22/18 16:45,6/22/18,VAGRANCY,222,VAGRANCY/QUALITY OF LIFE:Illegal Vending,"ORANGE AVE AND SAN VINCENTE ST, PARAMOUNT, CA  90723",ORANGE AVE AND SAN VINCENTE ST,PARAMOUNT,90723,918-13885-1363,1363,13885,NO,CA0190013,LAKEWOOD,N
18543682,4/10/18 13:39,4/10/18,VAGRANCY,222,VAGRANCY/QUALITY OF LIFE:Illegal Vending,"7400 COMPTON AVE, LOS ANGELES, CA",7400 COMPTON AVE,LOS ANGELES,,918-05340-2172,2172,5340,NO,CA01900V3,CENTURY,N
18683587,8/30/18 15:45,8/30/18,VAGRANCY,221,VAGRANCY: Loitering/Curfew,"CERRIOTS AVE, ANAHEIM, CA",CERRIOTS AVE,ANAHEIM,,918-00208-6313,6313,208,NO,CA01900V6,METROLINK BUREAU,N
18592822,5/28/18 12:13,5/28/18,VAGRANCY,221,VAGRANCY: Loitering/Curfew,"NOGALES ST AND POMONA FWY, ROWLAND HEIGHTS, CA  91748",NOGALES ST AND POMONA FWY,ROWLAND HEIGHTS,91748,918-03409-2931,2931,3409,NO,CA0190020,WALNUT,N
18764942,11/26/18 3:03,11/26/18,VAGRANCY,221,VAGRANCY: Loitering/Curfew,"12400 NORWALK BLVD, NORWALK, CA  90650",12400 NORWALK BLVD,NORWALK,90650,918-17581-0454,454,17581,NO,CA0190004,NORWALK,N
18562954,4/28/18 0:02,4/28/18,VAGRANCY,221,VAGRANCY: Loitering/Curfew,"100 N SUNOL DR, LOS ANGELES, CA  90063",100 N SUNOL DR,LOS ANGELES,90063,918-06435-0276,276,6435,NO,CA0190002,EAST LOS ANGELES,N
18575371,5/10/18 15:55,5/10/18,VAGRANCY,221,VAGRANCY: Loitering/Curfew,"1300 E AVENUE J, LANCASTER, CA",1300 E AVENUE J,LANCASTER,,918-09146-1125,1125,9146,NO,CA0190024,LANCASTER,N
18510896,3/8/18 10:35,3/8/18,VAGRANCY,222,VAGRANCY/QUALITY OF LIFE:Illegal Vending,"73RD ST AND COMPTON AVE, LOS ANGELES, CA",73RD ST AND COMPTON AVE,LOS ANGELES,,918-03570-2172,2172,3570,NO,CA01900V3,CENTURY,N
18645115,7/21/18 13:30,7/21/18,VAGRANCY,221,VAGRANCY: Loitering/Curfew,"11451-1/2 EXCELSIOR DR, NORWALK, CA  90650",11451-1/2 EXCELSIOR DR,NORWALK,90650,918-10955-0455,455,10955,NO,CA0190004,NORWALK,N
18765906,11/27/18 3:32,11/27/18,VAGRANCY,221,VAGRANCY: Loitering/Curfew,"12100 FIRESTONE BLVD, NORWALK, CA  90650",12100 FIRESTONE BLVD,NORWALK,90650,918-17638-0454,454,17638,NO,CA0190004,NORWALK,N
18695735,9/12/18 17:17,9/12/18,VAGRANCY,221,VAGRANCY: Loitering/Curfew,"100 E AVENUE J, LANCASTER, CA",100 E AVENUE J,LANCASTER,,918-18658-1132,1132,18658,NO,CA0190024,LANCASTER,N
18635741,7/11/18 17:11,7/11/18,VAGRANCY,222,VAGRANCY/QUALITY OF LIFE:Illegal Vending,"FLORENCE AVE AND GRAHAM AVE, LOS ANGELES, CA",FLORENCE AVE AND GRAHAM AVE,LOS ANGELES,,918-10084-2172,2172,10084,NO,CA01900V3,CENTURY,N
18559018,4/23/18 11:55,4/24/18,VAGRANCY,221,VAGRANCY: Loitering/Curfew,"1400 MT. OLIVE DR, DUARTE, CA  91010",1400 MT. OLIVE DR,DUARTE,91010,918-05000-0542,542,5000,NO,CA0190005,TEMPLE,N
18678001,8/24/18 23:59,8/25/18,VAGRANCY,221,VAGRANCY: Loitering/Curfew,"9600 GARVEY AVE, SOUTH EL MONTE, CA  91733",9600 GARVEY AVE,SOUTH EL MONTE,91733,918-10935-0560,560,10935,NO,CA0190005,TEMPLE,N
18544643,4/11/18 11:55,4/11/18,VAGRANCY,222,VAGRANCY/QUALITY OF LIFE:Illegal Vending,"1100 FLORENCE AVE, LOS ANGELES, CA",1100 FLORENCE AVE,LOS ANGELES,,918-05395-2170,2170,5395,NO,CA01900V3,CENTURY,N
18498120,2/22/18 13:18,2/22/18,VAGRANCY,221,VAGRANCY: Loitering/Curfew,"1600 ROSEMEAD BLVD, SOUTH EL MONTE, CA",1600 ROSEMEAD BLVD,SOUTH EL MONTE,,918-02323-0578,578,2323,NO,CA0190005,TEMPLE,N
18692312,9/9/18 10:24,9/9/18,VAGRANCY,222,VAGRANCY/QUALITY OF LIFE:Illegal Vending,"18400 S AVALON BLVD, CARSON, CA",18400 S AVALON BLVD,CARSON,,918-09479-1612,1612,9479,NO,CA0190016,CARSON,N
18728342,10/16/18 13:27,10/16/18,VAGRANCY,222,VAGRANCY/QUALITY OF LIFE:Illegal Vending,"2600 OLIVE ST, WALNUT PARK, CA",2600 OLIVE ST,WALNUT PARK,,918-15115-2178,2178,15115,NO,CA01900V3,CENTURY,N
18616565,6/20/18 22:41,6/20/18,VAGRANCY,221,VAGRANCY: Loitering/Curfew,"11700 WHITTIER BLVD, WHITTIER, CA",11700 WHITTIER BLVD,WHITTIER,,918-04369-1577,1577,4369,NO,CA0190015,PICO RIVERA,N
18538725,4/5/18 2:30,4/5/18,VAGRANCY,221,VAGRANCY: Loitering/Curfew,"25800 NARBONNE AVE, LOMITA, CA  90717",25800 NARBONNE AVE,LOMITA,90717,918-01248-1713,1713,1248,NO,CA0190017,LOMITA,N
18444616,1/3/18 8:47,1/3/18,VAGRANCY,221,VAGRANCY: Loitering/Curfew,"13900 VALLEY VIEW AVE, LA MIRADA, CA  90638",13900 VALLEY VIEW AVE,LA MIRADA,90638,918-00107-0461,461,107,NO,CA0190004,NORWALK,N
18712618,9/30/18 16:51,9/30/18,VAGRANCY,221,VAGRANCY: Loitering/Curfew,"DIAMOND BAR BLVD AND 60 FRWY, DIAMOND BAR, CA",DIAMOND BAR BLVD AND 60 FRWY,DIAMOND BAR,,918-06460-2920,2920,6460,NO,CA0190020,WALNUT,N
18762455,11/22/18 10:50,11/22/18,VAGRANCY,221,VAGRANCY: Loitering/Curfew,"3200 W AVENUE L, LANCASTER, CA",3200 W AVENUE L,LANCASTER,,918-24386-1192,1192,24386,NO,CA0190024,LANCASTER,N
18692705,9/9/18 20:36,9/9/18,VAGRANCY,221,VAGRANCY: Loitering/Curfew,"900 W LANCASTER BLVD, LANCASTER, CA",900 W LANCASTER BLVD,LANCASTER,,918-18395-1122,1122,18395,NO,CA0190024,LANCASTER,N
18746380,11/4/18 15:14,11/4/18,VAGRANCY,222,VAGRANCY/QUALITY OF LIFE:Illegal Vending,"FLORENCE ST AND MERKEL AVE, PARAMOUNT, CA  90723",FLORENCE ST AND MERKEL AVE,PARAMOUNT,90723,918-24263-1362,1362,24263,NO,CA0190013,LAKEWOOD,N
18623449,6/27/18 20:25,6/27/18,VAGRANCY,221,VAGRANCY: Loitering/Curfew,"SLAUSON AVE AND PIONEER BLVD, WHITTIER, CA",SLAUSON AVE AND PIONEER BLVD,WHITTIER,,918-04551-1578,1578,4551,NO,CA0190015,PICO RIVERA,N
18520529,3/16/18 15:52,3/16/18,VAGRANCY,221,VAGRANCY: Loitering/Curfew,"3300 MARINE AVE, GARDENA, CA",3300 MARINE AVE,GARDENA,,918-02130-0388,388,2130,NO,CA0190003,SOUTH LOS ANGELES,N
18600441,6/5/18 8:29,6/5/18,VAGRANCY,221,VAGRANCY: Loitering/Curfew,"W DESOTO AVE AND S LASSEN ST, CHATSWORTH, CA",W DESOTO AVE AND S LASSEN ST,CHATSWORTH,,918-00124-6153,6153,124,NO,CA01900V6,METROLINK BUREAU,N
18719340,10/7/18 10:48,10/7/18,VAGRANCY,222,VAGRANCY/QUALITY OF LIFE:Illegal Vending,"18400 S AVALON BLVD, CARSON, CA",18400 S AVALON BLVD,CARSON,,918-10540-1612,1612,10540,NO,CA0190016,CARSON,N
18651674,7/28/18 14:45,7/28/18,VAGRANCY,222,VAGRANCY/QUALITY OF LIFE:Illegal Vending,"FIRESTONE BLVD AND GRAPE ST, LOS ANGELES, CA  90001",FIRESTONE BLVD AND GRAPE ST,LOS ANGELES,90001,918-10940-2175,2175,10940,NO,CA01900V3,CENTURY,N
18662074,8/8/18 17:14,8/8/18,VAGRANCY,221,VAGRANCY: Loitering/Curfew,,,,,918-11192-2847,2847,11192,NO,CA0190042,COMPTON,N
18665352,8/12/18 9:52,8/12/18,VAGRANCY,222,VAGRANCY/QUALITY OF LIFE:Illegal Vending,"62ND ST AND COMPTON AVE, LOS ANGELES, CA",62ND ST AND COMPTON AVE,LOS ANGELES,,918-11643-2170,2170,11643,NO,CA01900V3,CENTURY,N
18736972,10/25/18 10:58,10/25/18,VAGRANCY,221,VAGRANCY: Loitering/Curfew,"4100 W AVENUE L, LANCASTER, CA",4100 W AVENUE L,LANCASTER,,918-22103-1182,1182,22103,NO,CA0190024,LANCASTER,N
18727796,10/16/18 4:55,10/16/18,VAGRANCY,221,VAGRANCY: Loitering/Curfew,"10600 ROSECRANS AVE, NORWALK, CA",10600 ROSECRANS AVE,NORWALK,,918-15407-0453,453,15407,NO,CA0190004,NORWALK,N
18458133,1/16/18 13:51,1/16/18,VAGRANCY,222,VAGRANCY/QUALITY OF LIFE:Illegal Vending,"74TH ST AND BELL AVE, LOS ANGELES, CA  90001",74TH ST AND BELL AVE,LOS ANGELES,90001,918-00769-2172,2172,769,NO,CA01900V3,CENTURY,N
18544780,4/11/18 14:13,4/11/18,VAGRANCY,222,VAGRANCY/QUALITY OF LIFE:Illegal Vending,"1600 89TH ST, LOS ANGELES, CA",1600 89TH ST,LOS ANGELES,,918-05401-2174,2174,5401,NO,CA01900V3,CENTURY,N
18664102,8/10/18 17:47,8/10/18,VAGRANCY,222,VAGRANCY/QUALITY OF LIFE:Illegal Vending,"1400 GAGE AVE, LOS ANGELES, CA",1400 GAGE AVE,LOS ANGELES,,918-11581-2170,2170,11581,NO,CA01900V3,CENTURY,N
18553071,4/18/18 14:25,4/18/18,VAGRANCY,222,VAGRANCY/QUALITY OF LIFE:Illegal Vending,"GAGE AVE AND HOLMES AVE, LOS ANGELES, CA",GAGE AVE AND HOLMES AVE,LOS ANGELES,,918-05748-2171,2171,5748,NO,CA01900V3,CENTURY,N
18516404,3/14/18 7:36,3/14/18,VAGRANCY,221,VAGRANCY: Loitering/Curfew,"11200 HAIG ST, SOUTH EL MONTE, CA  91733",11200 HAIG ST,SOUTH EL MONTE,91733,918-03222-0563,563,3222,NO,CA0190005,TEMPLE,N
18596214,5/31/18 14:15,5/31/18,VAGRANCY,222,VAGRANCY/QUALITY OF LIFE:Illegal Vending,"60TH ST AND HOLMES AVE, LOS ANGELES, CA",60TH ST AND HOLMES AVE,LOS ANGELES,,918-07964-2171,2171,7964,NO,CA01900V3,CENTURY,N
18711065,9/28/18 16:49,9/28/18,VAGRANCY,221,VAGRANCY: Loitering/Curfew,"PARAMOUNT BLVD AND WASHINGTON BLVD, PICO RIVERA, CA  90660",PARAMOUNT BLVD AND WASHINGTON BLVD,PICO RIVERA,90660,918-06707-1513,1513,6707,NO,CA0190015,PICO RIVERA,N
18713616,10/1/18 16:47,10/1/18,VAGRANCY,221,VAGRANCY: Loitering/Curfew,"100 E AVENUE J, LANCASTER, CA",100 E AVENUE J,LANCASTER,,918-20162-1132,1132,20162,NO,CA0190024,LANCASTER,N
18716454,9/30/18 10:40,9/30/18,VAGRANCY,222,VAGRANCY/QUALITY OF LIFE:Illegal Vending,"18400 S AVALON BLVD, CARSON, CA",18400 S AVALON BLVD,CARSON,,918-80068-1612,1612,80068,NO,CA0190016,CARSON,N
18793020,12/27/18 19:00,12/27/18,VAGRANCY,221,VAGRANCY: Loitering/Curfew,"1800 N LONG BEACH BLVD, COMPTON, CA  90220",1800 N LONG BEACH BLVD,COMPTON,90220,918-18332-2825,2825,18332,NO,CA0190042,COMPTON,N
18652979,7/30/18 11:00,7/30/18,VAGRANCY,221,VAGRANCY: Loitering/Curfew,"1500 E FLORENCE AVE, LOS ANGELES, CA  90001",1500 E FLORENCE AVE,LOS ANGELES,90001,918-11015-2171,2171,11015,NO,CA01900V3,CENTURY,N
18777460,12/9/18 11:15,12/9/18,VAGRANCY,222,VAGRANCY/QUALITY OF LIFE:Illegal Vending,"18400 S AVALON BLVD, CARSON, CA",18400 S AVALON BLVD,CARSON,,918-12940-1612,1612,12940,NO,CA0190016,CARSON,N
18526928,3/23/18 12:35,3/23/18,VAGRANCY,221,VAGRANCY: Loitering/Curfew,"WHITTIER BLVD AND ESPERANZA AVE, WHITTIER, CA",WHITTIER BLVD AND ESPERANZA AVE,WHITTIER,,918-02064-1574,1574,2064,NO,CA0190015,PICO RIVERA,N
18453896,1/11/18 14:58,1/11/18,VAGRANCY,222,VAGRANCY/QUALITY OF LIFE:Illegal Vending,"8500 COMPTON AVE, LOS ANGELES, CA",8500 COMPTON AVE,LOS ANGELES,,918-00528-2174,2174,528,NO,CA01900V3,CENTURY,N
18580455,5/16/18 6:44,5/16/18,VAGRANCY,221,VAGRANCY: Loitering/Curfew,"W DE SOTO ST, CHATSWORTH, CA",W DE SOTO ST,CHATSWORTH,,918-00108-6153,6153,108,NO,CA01900V6,METROLINK BUREAU,N
18462686,1/20/18 13:30,1/20/18,VAGRANCY,222,VAGRANCY/QUALITY OF LIFE:Illegal Vending,"16200 PARAMOUNT BLVD, PARAMOUNT, CA  90723",16200 PARAMOUNT BLVD,PARAMOUNT,90723,918-01572-1368,1368,1572,NO,CA0190013,LAKEWOOD,N
18659766,8/6/18 15:09,8/6/18,VAGRANCY,222,VAGRANCY/QUALITY OF LIFE:Illegal Vending,"73RD ST AND COMPTON AVE, LOS ANGELES, CA  90001",73RD ST AND COMPTON AVE,LOS ANGELES,90001,918-11349-2172,2172,11349,NO,CA01900V3,CENTURY,N
18673256,8/20/18 16:14,8/20/18,VAGRANCY,222,VAGRANCY/QUALITY OF LIFE:Illegal Vending,"TYLER AVE AND DAINES DR, ARCADIA, CA",TYLER AVE AND DAINES DR,ARCADIA,,918-10686-0585,585,10686,NO,CA0190005,TEMPLE,N
18523734,3/20/18 13:24,3/20/18,VAGRANCY,222,VAGRANCY/QUALITY OF LIFE:Illegal Vending,"8600 GRAHAM AVE, LOS ANGELES, CA",8600 GRAHAM AVE,LOS ANGELES,,918-04212-2174,2174,4212,NO,CA01900V3,CENTURY,N
18777225,12/9/18 11:15,12/9/18,VAGRANCY,222,VAGRANCY/QUALITY OF LIFE:Illegal Vending,"18400 S AVALON BLVD, CARSON, CA",18400 S AVALON BLVD,CARSON,,918-12926-1612,1612,12926,NO,CA0190016,CARSON,N
18524981,3/21/18 17:04,3/21/18,VAGRANCY,222,VAGRANCY/QUALITY OF LIFE:Illegal Vending,"SANTA FE AVE AND CENTER ST, WALNUT PARK, CA  90255",SANTA FE AVE AND CENTER ST,WALNUT PARK,90255,918-04284-2178,2178,4284,NO,CA01900V3,CENTURY,N
18729124,10/17/18 11:00,10/17/18,VAGRANCY,221,VAGRANCY: Loitering/Curfew,"MASON ST AND NORDOFF ST, LOS ANGELES, CA",MASON ST AND NORDOFF ST,LOS ANGELES,,918-00244-6153,6153,244,NO,CA01900V6,METROLINK BUREAU,N
18541540,4/8/18 6:44,4/8/18,VAGRANCY,221,VAGRANCY: Loitering/Curfew,"5900 KAUFFMAN AVE, TEMPLE CITY, CA  91780",5900 KAUFFMAN AVE,TEMPLE CITY,91780,918-04311-0521,521,4311,NO,CA0190005,TEMPLE,N
18665332,8/12/18 9:23,8/12/18,VAGRANCY,222,VAGRANCY/QUALITY OF LIFE:Illegal Vending,"61ST ST AND COMPTON AVE, LOS ANGELES, CA",61ST ST AND COMPTON AVE,LOS ANGELES,,918-11639-2170,2170,11639,NO,CA01900V3,CENTURY,N
18609313,6/13/18 13:31,6/13/18,VAGRANCY,222,VAGRANCY/QUALITY OF LIFE:Illegal Vending,"FLORENCE AVE AND GRAHAM AVE, LOS ANGELES, CA",FLORENCE AVE AND GRAHAM AVE,LOS ANGELES,,918-08671-2173,2173,8671,NO,CA01900V3,CENTURY,N
18727783,10/16/18 4:20,10/16/18,VAGRANCY,221,VAGRANCY: Loitering/Curfew,"10600 IMPERIAL HWY, NORWALK, CA",10600 IMPERIAL HWY,NORWALK,,918-15405-0451,451,15405,NO,CA0190004,NORWALK,N
18716306,10/4/18 3:45,10/4/18,VAGRANCY,221,VAGRANCY: Loitering/Curfew,"12200 IMPERIAL HWY, NORWALK, CA  90650",12200 IMPERIAL HWY,NORWALK,90650,918-14732-0452,452,14732,NO,CA0190004,NORWALK,N
18463741,1/21/18 22:05,1/21/18,VAGRANCY,221,VAGRANCY: Loitering/Curfew,"KAUFFMAN AVE AND LAS TUNAS DR, TEMPLE CITY, CA  91780",KAUFFMAN AVE AND LAS TUNAS DR,TEMPLE CITY,91780,918-00897-0521,521,897,NO,CA0190005,TEMPLE,N
18791128,12/25/18 7:13,12/25/18,VAGRANCY,221,VAGRANCY: Loitering/Curfew,"2000 HACIENDA HEIGHTS, HACIENDA HEIGHTS, CA",2000 HACIENDA HEIGHTS,HACIENDA HEIGHTS,,918-16731-1476,1476,16731,NO,CA0190014,INDUSTRY,N
18667288,8/14/18 12:14,8/14/18,VAGRANCY,222,VAGRANCY/QUALITY OF LIFE:Illegal Vending,"2400 FLOWER ST, HUNTINGTON PARK, CA  90255",2400 FLOWER ST,HUNTINGTON PARK,90255,918-11748-2178,2178,11748,NO,CA01900V3,CENTURY,N
18727921,10/16/18 8:58,10/16/18,VAGRANCY,221,VAGRANCY: Loitering/Curfew,"COLIMA RD AND FAIRWAY DR, ROWLAND HEIGHTS, CA",COLIMA RD AND FAIRWAY DR,ROWLAND HEIGHTS,,918-06914-2938,2938,6914,NO,CA0190020,WALNUT,N
18712940,10/1/18 1:15,10/1/18,VAGRANCY,221,VAGRANCY: Loitering/Curfew,"9400 WHITTIER BLVD, PICO RIVERA, CA  90660",9400 WHITTIER BLVD,PICO RIVERA,90660,918-06755-1512,1512,6755,NO,CA0190015,PICO RIVERA,N
18609301,6/13/18 13:31,6/13/18,VAGRANCY,222,VAGRANCY/QUALITY OF LIFE:Illegal Vending,"FLORENCE AVE AND GRAHAM AVE, LOS ANGELES, CA",FLORENCE AVE AND GRAHAM AVE,LOS ANGELES,,918-08668-2173,2173,8668,NO,CA01900V3,CENTURY,N
18543698,4/10/18 13:40,4/10/18,VAGRANCY,221,VAGRANCY: Loitering/Curfew,"18100 GALE AVE, CITY OF INDUSTRY, CA",18100 GALE AVE,CITY OF INDUSTRY,,918-04813-1418,1418,4813,NO,CA0190014,INDUSTRY,N
18557771,4/23/18 12:41,4/23/18,VAGRANCY,222,VAGRANCY/QUALITY OF LIFE:Illegal Vending,"ROSEMEAD BLVD AND GALLATIN RD, EL MONTE, CA  91733",ROSEMEAD BLVD AND GALLATIN RD,EL MONTE,91733,918-04961-0576,576,4961,NO,CA0190005,TEMPLE,N
18715231,10/3/18 7:20,10/3/18,VAGRANCY,221,VAGRANCY: Loitering/Curfew,", VAN NUYS, CA",,VAN NUYS,,918-00230-6151,6151,230,NO,CA01900V6,METROLINK BUREAU,N
18726692,10/15/18 2:53,10/15/18,VAGRANCY,221,VAGRANCY: Loitering/Curfew,"13800 PIONEER BLVD, NORWALK, CA",13800 PIONEER BLVD,NORWALK,,918-15352-0453,453,15352,NO,CA0190004,NORWALK,N
18746755,11/5/18 4:00,11/5/18,VAGRANCY,221,VAGRANCY: Loitering/Curfew,"11800 FIRESTONE BLVD, NORWALK, CA  90650",11800 FIRESTONE BLVD,NORWALK,90650,918-16503-0454,454,16503,NO,CA0190004,NORWALK,N
18758938,11/18/18 12:25,11/18/18,VAGRANCY,222,VAGRANCY/QUALITY OF LIFE:Illegal Vending,"18400 S AVALON BLVD, CARSON, CA",18400 S AVALON BLVD,CARSON,,918-12186-1612,1612,12186,NO,CA0190016,CARSON,N
18642310,7/18/18 13:56,7/18/18,VAGRANCY,222,VAGRANCY/QUALITY OF LIFE:Illegal Vending,"FLORENCE AVE AND GRAHAM AVE, LOS ANGELES, CA",FLORENCE AVE AND GRAHAM AVE,LOS ANGELES,,918-10438-2172,2172,10438,NO,CA01900V3,CENTURY,N
18717919,10/5/18 16:26,10/5/18,VAGRANCY,221,VAGRANCY: Loitering/Curfew,"800 E AVENUE J, LANCASTER, CA",800 E AVENUE J,LANCASTER,,918-20503-1132,1132,20503,NO,CA0190024,LANCASTER,N
18457761,1/16/18 7:30,1/16/18,VAGRANCY,221,VAGRANCY: Loitering/Curfew,"E LANKERSHIM BLVD AND HARTLAND ST, NORTH HOLLYWOOD, CA",E LANKERSHIM BLVD AND HARTLAND ST,NORTH HOLLYWOOD,,918-00010-6155,6155,10,NO,CA01900V6,METROLINK BUREAU,N
18709061,9/26/18 17:20,9/26/18,VAGRANCY,221,VAGRANCY: Loitering/Curfew,"1500 W AVENUE K, LANCASTER, CA",1500 W AVENUE K,LANCASTER,,918-19789-1126,1126,19789,NO,CA0190024,LANCASTER,N
18715145,10/3/18 3:20,10/3/18,VAGRANCY,221,VAGRANCY: Loitering/Curfew,"5000 PASSONS BLVD, PICO RIVERA, CA",5000 PASSONS BLVD,PICO RIVERA,,918-06820-1514,1514,6820,NO,CA0190015,PICO RIVERA,N
18480165,2/6/18 18:35,2/6/18,VAGRANCY,221,VAGRANCY: Loitering/Curfew,"12900 HOXIE AVE, NORWALK, CA  90650",12900 HOXIE AVE,NORWALK,90650,918-00120-6068,6068,120,NO,CA0190031,TRANSIT SERV BUR,N
18526886,3/23/18 11:54,3/23/18,VAGRANCY,221,VAGRANCY: Loitering/Curfew,"PIONEER BLVD AND WASHINGTON BLVD, WHITTIER, CA  90606",PIONEER BLVD AND WASHINGTON BLVD,WHITTIER,90606,918-02062-1578,1578,2062,NO,CA0190015,PICO RIVERA,N
18552742,4/18/18 9:54,4/18/18,VAGRANCY,221,VAGRANCY: Loitering/Curfew,"BANNING ST AND ALAMEDA ST, COMPTON, CA",BANNING ST AND ALAMEDA ST,COMPTON,,918-05414-2820,2820,5414,NO,CA0190042,COMPTON,N
18738853,10/27/18 8:51,10/27/18,VAGRANCY,221,VAGRANCY: Loitering/Curfew,"NOGALES ST AND 60 FWY, ROWLAND HEIGHTS, CA",NOGALES ST AND 60 FWY,ROWLAND HEIGHTS,,918-07212-2931,2931,7212,NO,CA0190020,WALNUT,N
18728345,10/16/18 13:31,10/16/18,VAGRANCY,222,VAGRANCY/QUALITY OF LIFE:Illegal Vending,"2600 OLIVE ST, WALNUT, CA",2600 OLIVE ST,WALNUT,,918-15116-2178,2178,15116,NO,CA01900V3,CENTURY,N
18584267,5/19/18 17:00,5/19/18,VAGRANCY,222,VAGRANCY/QUALITY OF LIFE:Illegal Vending,"FLORENCE AVE AND WHITSETT AVE, LOS ANGELES, CA",FLORENCE AVE AND WHITSETT AVE,LOS ANGELES,,918-07359-2173,2173,7359,NO,CA01900V3,CENTURY,N
18528753,3/25/18 18:00,3/25/18,VAGRANCY,221,VAGRANCY: Loitering/Curfew,"13400 LAMBERT RD, WHITTIER, CA",13400 LAMBERT RD,WHITTIER,,918-04663-0491,491,4663,NO,CA0190004,NORWALK,N
18548208,4/13/18 13:00,4/13/18,VAGRANCY,222,VAGRANCY/QUALITY OF LIFE:Illegal Vending,"2400 114TH ST, LOS ANGELES, CA",2400 114TH ST,LOS ANGELES,,918-05505-2135,2135,5505,NO,CA01900V3,CENTURY,N
18665313,8/12/18 8:43,8/12/18,VAGRANCY,222,VAGRANCY/QUALITY OF LIFE:Illegal Vending,"HOOPER AVE AND FIRESTONE BLVD, LOS ANGELES, CA",HOOPER AVE AND FIRESTONE BLVD,LOS ANGELES,,918-11635-2174,2174,11635,NO,CA01900V3,CENTURY,N
18613024,6/17/18 5:00,6/17/18,VAGRANCY,221,VAGRANCY: Loitering/Curfew,"10000 MILLS AVE, WHITTIER, CA  90604",10000 MILLS AVE,WHITTIER,90604,918-09260-0492,492,9260,NO,CA0190004,NORWALK,N
18549368,4/14/18 19:28,4/14/18,VAGRANCY,221,VAGRANCY: Loitering/Curfew,"19500 E CYPRESS ST, COVINA, CA  91724",19500 E CYPRESS ST,COVINA,91724,918-01934-0870,870,1934,NO,CA0190008,SAN DIMAS,N
18691625,9/8/18 12:10,9/8/18,VAGRANCY,222,VAGRANCY/QUALITY OF LIFE:Illegal Vending,"1800 FLORENCE AVE, LOS ANGELES, CA  90001",1800 FLORENCE AVE,LOS ANGELES,90001,918-13129-2173,2173,13129,NO,CA01900V3,CENTURY,N
18633894,7/10/18 1:30,7/10/18,VAGRANCY,221,VAGRANCY: Loitering/Curfew,"500 ARROW HWY, SAN DIMAS, CA  91773",500 ARROW HWY,SAN DIMAS,91773,918-03577-0814,814,3577,NO,CA0190008,SAN DIMAS,N
18709649,9/27/18 10:14,9/27/18,VAGRANCY,221,VAGRANCY: Loitering/Curfew,"4100 W AVENUE L, LANCASTER, CA",4100 W AVENUE L,LANCASTER,,918-19836-1182,1182,19836,NO,CA0190024,LANCASTER,N
18536917,4/3/18 13:12,4/3/18,VAGRANCY,222,VAGRANCY/QUALITY OF LIFE:Illegal Vending,"7600 BELL AVE, LOS ANGELES, CA",7600 BELL AVE,LOS ANGELES,,918-04963-2173,2173,4963,NO,CA01900V3,CENTURY,N
18526248,3/22/18 18:48,3/22/18,VAGRANCY,222,VAGRANCY/QUALITY OF LIFE:Illegal Vending,"FLORENCE AVE AND GRAHAM AVE, LOS ANGELES, CA",FLORENCE AVE AND GRAHAM AVE,LOS ANGELES,,918-04357-2173,2173,4357,NO,CA01900V3,CENTURY,N
18674125,8/21/18 13:20,8/21/18,VAGRANCY,221,VAGRANCY: Loitering/Curfew,"1400 E ALONDRA BLVD, COMPTON, CA",1400 E ALONDRA BLVD,COMPTON,,918-11866-2847,2847,11866,NO,CA0190042,COMPTON,N
18485791,2/11/18 12:49,2/11/18,VAGRANCY,222,VAGRANCY/QUALITY OF LIFE:Illegal Vending,"6800 SAN RAFAEL ST, PARAMOUNT, CA  90723",6800 SAN RAFAEL ST,PARAMOUNT,90723,918-03446-1363,1363,3446,NO,CA0190013,LAKEWOOD,N
18634097,7/10/18 8:52,7/10/18,VAGRANCY,221,VAGRANCY: Loitering/Curfew,"6600 CENTRAL AVE, LOS ANGELES, CA  90001",6600 CENTRAL AVE,LOS ANGELES,90001,918-10005-2170,2170,10005,NO,CA01900V3,CENTURY,N
18714637,10/2/18 15:53,10/2/18,VAGRANCY,222,VAGRANCY/QUALITY OF LIFE:Illegal Vending,"7800 PACIFIC BLVD, WALNUT PARK, CA",7800 PACIFIC BLVD,WALNUT PARK,,918-14354-2178,2178,14354,NO,CA01900V3,CENTURY,N
18512036,3/9/18 10:30,3/9/18,VAGRANCY,221,VAGRANCY: Loitering/Curfew,"700 W AVENUE K-4, LANCASTER, CA",700 W AVENUE K-4,LANCASTER,,918-04614-1124,1124,4614,NO,CA0190024,LANCASTER,N
18553362,4/18/18 18:35,4/18/18,VAGRANCY,221,VAGRANCY: Loitering/Curfew,"2900 EL NIDO DR, ALTADENA, CA  91001",2900 EL NIDO DR,ALTADENA,91001,918-01133-0771,771,1133,NO,CA0190007,ALTADENA,N
18705090,9/22/18 14:06,9/22/18,VAGRANCY,221,VAGRANCY: Loitering/Curfew,"10TH ST E AND AVENUE I, LANCASTER, CA",10TH ST E AND AVENUE I,LANCASTER,,918-19459-1131,1131,19459,NO,CA0190024,LANCASTER,N
18661857,8/8/18 13:27,8/8/18,VAGRANCY,222,VAGRANCY/QUALITY OF LIFE:Illegal Vending,"73RD ST AND COMPTON AVE, LOS ANGELES, CA  90001",73RD ST AND COMPTON AVE,LOS ANGELES,90001,918-11459-2172,2172,11459,NO,CA01900V3,CENTURY,N
18737521,10/25/18 19:58,10/25/18,VAGRANCY,222,VAGRANCY/QUALITY OF LIFE:Illegal Vending,"92ND ST AND JUNIPER ST, LOS ANGELES, CA",92ND ST AND JUNIPER ST,LOS ANGELES,,918-15578-2177,2177,15578,NO,CA01900V3,CENTURY,N
18714008,10/2/18 2:15,10/2/18,VAGRANCY,221,VAGRANCY: Loitering/Curfew,"9400 WHITTIER BLVD, PICO RIVERA, CA  90660",9400 WHITTIER BLVD,PICO RIVERA,90660,918-06783-1512,1512,6783,NO,CA0190015,PICO RIVERA,N
18493164,2/17/18 11:10,2/17/18,VAGRANCY,221,VAGRANCY: Loitering/Curfew,"60 FWY AND BREA CANYON RD, DIAMOND BAR, CA",60 FWY AND BREA CANYON RD,DIAMOND BAR,,918-01254-2928,2928,1254,NO,CA0190020,WALNUT,N
18510106,3/7/18 13:46,3/7/18,VAGRANCY,222,VAGRANCY/QUALITY OF LIFE:Illegal Vending,"74TH ST AND BELL AVE, LOS ANGELES, CA  90001",74TH ST AND BELL AVE,LOS ANGELES,90001,918-03516-2173,2173,3516,NO,CA01900V3,CENTURY,N
18553909,4/16/18 12:40,4/19/18,VAGRANCY,221,VAGRANCY: Loitering/Curfew,"CENTRAL AVE AND MT. OLIVE DR, DUARTE, CA  91010",CENTRAL AVE AND MT. OLIVE DR,DUARTE,91010,918-04766-0542,542,4766,NO,CA0190005,TEMPLE,N
18741813,10/30/18 14:42,10/30/18,VAGRANCY,222,VAGRANCY/QUALITY OF LIFE:Illegal Vending,"7800 SEVILLE, WALNUT PARK, CA",7800 SEVILLE,WALNUT PARK,,918-15817-2178,2178,15817,NO,CA01900V3,CENTURY,N
18453838,1/11/18 13:53,1/11/18,VAGRANCY,222,VAGRANCY/QUALITY OF LIFE:Illegal Vending,"8800 PRINCE AVE, LOS ANGELES, CA",8800 PRINCE AVE,LOS ANGELES,,918-00524-2174,2174,524,NO,CA01900V3,CENTURY,N
18624317,6/28/18 16:05,6/28/18,VAGRANCY,221,VAGRANCY: Loitering/Curfew,"8400 PIONEER BLVD, WHITTIER, CA",8400 PIONEER BLVD,WHITTIER,,918-04575-1578,1578,4575,NO,CA0190015,PICO RIVERA,N
18522374,3/19/18 9:12,3/19/18,VAGRANCY,221,VAGRANCY: Loitering/Curfew,"E SEPULVEDA BLVD AND CABRITO RD, VAN NUYS, CA",E SEPULVEDA BLVD AND CABRITO RD,VAN NUYS,,918-00057-6151,6151,57,NO,CA01900V6,METROLINK BUREAU,N
18764963,11/26/18 3:25,11/26/18,VAGRANCY,221,VAGRANCY: Loitering/Curfew,"12600 PIONEER BLVD, NORWALK, CA  90650",12600 PIONEER BLVD,NORWALK,90650,918-17582-0453,453,17582,NO,CA0190004,NORWALK,N
18466701,1/24/18 14:28,1/24/18,VAGRANCY,222,VAGRANCY/QUALITY OF LIFE:Illegal Vending,"2600 OLIVE ST, LOS ANGELES, CA",2600 OLIVE ST,LOS ANGELES,,918-01248-2178,2178,1248,NO,CA01900V3,CENTURY,N
18458916,1/17/18 8:18,1/17/18,VAGRANCY,221,VAGRANCY: Loitering/Curfew,"1500 E QUEENSDALE ST, COMPTON, CA",1500 E QUEENSDALE ST,COMPTON,,918-00823-2825,2825,823,NO,CA0190042,COMPTON,N
18663058,8/9/18 15:32,8/9/18,VAGRANCY,222,VAGRANCY/QUALITY OF LIFE:Illegal Vending,"COMPTON AVE AND 58TH DR, LOS ANGELES, CA",COMPTON AVE AND 58TH DR,LOS ANGELES,,918-11527-2171,2171,11527,NO,CA01900V3,CENTURY,N
18669485,8/16/18 13:18,8/16/18,VAGRANCY,221,VAGRANCY: Loitering/Curfew,"1400 E ALONDRA BLVD, COMPTON, CA  90221",1400 E ALONDRA BLVD,COMPTON,90221,918-11601-2844,2844,11601,NO,CA0190042,COMPTON,N
18458144,1/16/18 13:51,1/16/18,VAGRANCY,222,VAGRANCY/QUALITY OF LIFE:Illegal Vending,"74TH ST AND BELL AVE, LOS ANGELES, CA  90001",74TH ST AND BELL AVE,LOS ANGELES,90001,918-00773-2171,2171,773,NO,CA01900V3,CENTURY,N
18716456,9/30/18 11:20,9/30/18,VAGRANCY,222,VAGRANCY/QUALITY OF LIFE:Illegal Vending,"18400 S AVALON BLVD, CARSON, CA",18400 S AVALON BLVD,CARSON,,918-80070-1612,1612,80070,NO,CA0190016,CARSON,N
18789426,12/22/18 14:30,12/22/18,VAGRANCY,222,VAGRANCY/QUALITY OF LIFE:Illegal Vending,"18400 S AVALON BLVD, CARSON, CA",18400 S AVALON BLVD,CARSON,,918-13404-1612,1612,13404,NO,CA0190016,CARSON,N
18599939,6/4/18 16:49,6/4/18,VAGRANCY,221,VAGRANCY: Loitering/Curfew,"PIONEER BLVD AND SLAUSON BLVD, WHITTIER, CA",PIONEER BLVD AND SLAUSON BLVD,WHITTIER,,918-03961-1578,1578,3961,NO,CA0190015,PICO RIVERA,N
18463233,1/21/18 9:01,1/21/18,VAGRANCY,221,VAGRANCY: Loitering/Curfew,"POMONA BLVD AND TEMPLE BLVD, POMONA, CA",POMONA BLVD AND TEMPLE BLVD,POMONA,,918-00548-2916,2916,548,NO,CA0190020,WALNUT,N
18758988,11/18/18 13:50,11/18/18,VAGRANCY,222,VAGRANCY/QUALITY OF LIFE:Illegal Vending,"18400 S AVALON BLVD, CARSON, CA",18400 S AVALON BLVD,CARSON,,918-12194-1612,1612,12194,NO,CA0190016,CARSON,N
18523801,3/20/18 14:26,3/20/18,VAGRANCY,222,VAGRANCY/QUALITY OF LIFE:Illegal Vending,"7900 PACIFIC BLVD, HUNTINGTON PARK, CA  90255",7900 PACIFIC BLVD,HUNTINGTON PARK,90255,918-04219-2178,2178,4219,NO,CA01900V3,CENTURY,N
18726700,10/15/18 3:34,10/15/18,VAGRANCY,221,VAGRANCY: Loitering/Curfew,"11400 ROSECRANS AVE, NORWALK, CA  90650",11400 ROSECRANS AVE,NORWALK,90650,918-15353-0453,453,15353,NO,CA0190004,NORWALK,N
18712749,9/30/18 19:26,9/30/18,VAGRANCY,221,VAGRANCY: Loitering/Curfew,"DIAMOND BAR BLVD AND 60 FWY, DIAMOND BAR, CA",DIAMOND BAR BLVD AND 60 FWY,DIAMOND BAR,,918-06464-2920,2920,6464,NO,CA0190020,WALNUT,N
18695617,9/12/18 15:38,9/12/18,VAGRANCY,222,VAGRANCY/QUALITY OF LIFE:Illegal Vending,"92ND ST AND SUCCESS AVE, LOS ANGELES, CA",92ND ST AND SUCCESS AVE,LOS ANGELES,,918-13356-2176,2176,13356,NO,CA01900V3,CENTURY,N
18708956,9/26/18 15:29,9/26/18,VAGRANCY,221,VAGRANCY: Loitering/Curfew,"PIONEER BLVD AND 605 FWY, WHITTIER, CA",PIONEER BLVD AND 605 FWY,WHITTIER,,918-06654-1578,1578,6654,NO,CA0190015,PICO RIVERA,N
18667669,8/14/18 19:05,8/14/18,VAGRANCY,221,VAGRANCY: Loitering/Curfew,"23500 CIVIC CENTER WAY, MALIBU, CA  90265",23500 CIVIC CENTER WAY,MALIBU,90265,918-04785-1015,1015,4785,NO,CA0190022,MALIBU/LOST HILLS,N
18695771,9/12/18 17:47,9/12/18,VAGRANCY,221,VAGRANCY: Loitering/Curfew,"100 E AVENUE J, LANCASTER, CA",100 E AVENUE J,LANCASTER,,918-18664-1132,1132,18664,NO,CA0190024,LANCASTER,N
18510595,3/8/18 0:28,3/8/18,VAGRANCY,221,VAGRANCY: Loitering/Curfew,"1300 FIRESTONE BLVD, LOS ANGELES, CA  90001",1300 FIRESTONE BLVD,LOS ANGELES,90001,918-03547-2174,2174,3547,NO,CA01900V3,CENTURY,N
18536603,4/3/18 7:40,4/3/18,VAGRANCY,221,VAGRANCY: Loitering/Curfew,"11000 ROSECRANS AVE, NORWALK, CA  90650",11000 ROSECRANS AVE,NORWALK,90650,918-05182-0456,456,5182,NO,CA0190004,NORWALK,N
18597180,6/1/18 10:25,6/1/18,VAGRANCY,221,VAGRANCY: Loitering/Curfew,"COLIMA RD AND FAIRWAY DR, ROWLAND HEIGHTS, CA  91748",COLIMA RD AND FAIRWAY DR,ROWLAND HEIGHTS,91748,918-03496-2934,2934,3496,NO,CA0190020,WALNUT,N
18597870,6/1/18 23:00,6/1/18,VAGRANCY,221,VAGRANCY: Loitering/Curfew,"700 S SANTA ANITA AVE, SOUTH EL MONTE, CA  91733",700 S SANTA ANITA AVE,SOUTH EL MONTE,91733,918-06709-0578,578,6709,NO,CA0190005,TEMPLE,N
18660245,8/7/18 0:45,8/7/18,VAGRANCY,221,VAGRANCY: Loitering/Curfew,"5500 CONNELL AVE, AZUSA, CA  91702",5500 CONNELL AVE,AZUSA,91702,918-04150-0867,867,4150,NO,CA0190008,SAN DIMAS,N
18515068,3/12/18 23:30,3/13/18,VAGRANCY,221,VAGRANCY: Loitering/Curfew,"700 W MARIPOSA ST, ALTADENA, CA",700 W MARIPOSA ST,ALTADENA,,918-00748-0771,771,748,NO,CA0190007,ALTADENA,N
18536061,4/2/18 15:07,4/2/18,VAGRANCY,222,VAGRANCY/QUALITY OF LIFE:Illegal Vending,"2100 87TH ST, LOS ANGELES, CA",2100 87TH ST,LOS ANGELES,,918-04911-2177,2177,4911,NO,CA01900V3,CENTURY,N
18457642,1/16/18 1:52,1/16/18,VAGRANCY,221,VAGRANCY: Loitering/Curfew,"1900 DURFEE AVE, SOUTH EL MONTE, CA  91733",1900 DURFEE AVE,SOUTH EL MONTE,91733,918-00620-0562,562,620,NO,CA0190005,TEMPLE,N
18539345,4/5/18 17:29,4/5/18,VAGRANCY,222,VAGRANCY/QUALITY OF LIFE:Illegal Vending,"1400 78TH ST, LOS ANGELES, CA",1400 78TH ST,LOS ANGELES,,918-05111-2172,2172,5111,NO,CA01900V3,CENTURY,N
18536948,4/3/18 13:34,4/3/18,VAGRANCY,222,VAGRANCY/QUALITY OF LIFE:Illegal Vending,"2600 OLIVE ST, LOS ANGELES, CA",2600 OLIVE ST,LOS ANGELES,,918-04965-2178,2178,4965,NO,CA01900V3,CENTURY,N
18579587,5/15/18 10:15,5/15/18,VAGRANCY,221,VAGRANCY: Loitering/Curfew,"15700 LEFFINGWELL RD, WHITTIER, CA",15700 LEFFINGWELL RD,WHITTIER,,918-07553-0497,497,7553,NO,CA0190004,NORWALK,N
18681850,8/29/18 7:00,8/29/18,VAGRANCY,221,VAGRANCY: Loitering/Curfew,"W WINNETKA AVE, CHATSWORTH, CA",W WINNETKA AVE,CHATSWORTH,,918-00206-6153,6153,206,NO,CA01900V6,METROLINK BUREAU,N
18665322,8/12/18 9:00,8/12/18,VAGRANCY,222,VAGRANCY/QUALITY OF LIFE:Illegal Vending,"58TH PL AND HOOPER AVE, LOS ANGELES, CA",58TH PL AND HOOPER AVE,LOS ANGELES,,918-11637-2170,2170,11637,NO,CA01900V3,CENTURY,N
18758900,11/18/18 11:00,11/18/18,VAGRANCY,222,VAGRANCY/QUALITY OF LIFE:Illegal Vending,"18400 S AVALON BLVD, CARSON, CA",18400 S AVALON BLVD,CARSON,,918-12183-1612,1612,12183,NO,CA0190016,CARSON,N
18596065,5/31/18 12:02,5/31/18,VAGRANCY,222,VAGRANCY/QUALITY OF LIFE:Illegal Vending,"ALAMEDA ST AND NADEAU ST, LOS ANGELES, CA",ALAMEDA ST AND NADEAU ST,LOS ANGELES,,918-07952-2173,2173,7952,NO,CA01900V3,CENTURY,N
18528063,3/24/18 17:40,3/24/18,VAGRANCY,221,VAGRANCY: Loitering/Curfew,"600 N CITRUS AVE, COVINA, CA",600 N CITRUS AVE,COVINA,,918-00064-6114,6114,64,NO,CA01900V6,METROLINK BUREAU,N
18680230,8/27/18 17:37,8/27/18,VAGRANCY,221,VAGRANCY: Loitering/Curfew,"1700 N WILLOWBROOK AVE, COMPTON, CA  90220",1700 N WILLOWBROOK AVE,COMPTON,90220,918-12226-2813,2813,12226,NO,CA0190042,COMPTON,N
18723777,10/11/18 15:49,10/11/18,VAGRANCY,221,VAGRANCY: Loitering/Curfew,"44300 SIERRA HWY, LANCASTER, CA",44300 SIERRA HWY,LANCASTER,,918-20971-1123,1123,20971,NO,CA0190024,LANCASTER,N
18531624,3/28/18 15:34,3/28/18,VAGRANCY,221,VAGRANCY: Loitering/Curfew,"VALLEY BLVD AND SUSNSET AVE, CITY OF INDUSTRY, CA",VALLEY BLVD AND SUSNSET AVE,CITY OF INDUSTRY,,918-04184-1414,1414,4184,NO,CA0190014,INDUSTRY,N
18548880,4/14/18 3:42,4/14/18,VAGRANCY,221,VAGRANCY: Loitering/Curfew,"11300 LAKELAND RD, NORWALK, CA  90650",11300 LAKELAND RD,NORWALK,90650,918-05849-0451,451,5849,NO,CA0190004,NORWALK,N
18749548,11/7/18 15:00,11/7/18,VAGRANCY,221,VAGRANCY: Loitering/Curfew,"57 FWY AND GLADSTONE ST, SAN DIMAS, CA  91773",57 FWY AND GLADSTONE ST,SAN DIMAS,91773,918-06019-0812,812,6019,NO,CA0190008,SAN DIMAS,N
18663065,8/9/18 15:39,8/9/18,VAGRANCY,222,VAGRANCY/QUALITY OF LIFE:Illegal Vending,"COMPTON AVE AND 58TH DR, LOS ANGELES, CA",COMPTON AVE AND 58TH DR,LOS ANGELES,,918-11528-2171,2171,11528,NO,CA01900V3,CENTURY,N
18590073,5/25/18 2:55,5/25/18,VAGRANCY,221,VAGRANCY: Loitering/Curfew,"BARTON AND PAINTER, WHITTIER, CA",BARTON AND PAINTER,WHITTIER,,918-08055-0492,492,8055,NO,CA0190004,NORWALK,N
18764984,11/26/18 5:02,11/26/18,VAGRANCY,221,VAGRANCY: Loitering/Curfew,"11600 ROSECRANS AVE, NORWALK, CA  90650",11600 ROSECRANS AVE,NORWALK,90650,918-17583-0453,453,17583,NO,CA0190004,NORWALK,N
18691608,9/8/18 11:45,9/8/18,VAGRANCY,222,VAGRANCY/QUALITY OF LIFE:Illegal Vending,"73RD ST AND COMPTON AVE, LOS ANGELES, CA  90001",73RD ST AND COMPTON AVE,LOS ANGELES,90001,918-13126-2172,2172,13126,NO,CA01900V3,CENTURY,N
18632833,7/8/18 16:50,7/8/18,VAGRANCY,221,VAGRANCY: Loitering/Curfew,"13000 ROSECRANS AVE, NORWALK, CA",13000 ROSECRANS AVE,NORWALK,,918-10332-0454,454,10332,NO,CA0190004,NORWALK,N
18731996,10/20/18 0:30,10/20/18,VAGRANCY,221,VAGRANCY: Loitering/Curfew,"14400 PIONEER BLVD, NORWALK, CA  90650",14400 PIONEER BLVD,NORWALK,90650,918-15646-0455,455,15646,NO,CA0190004,NORWALK,N
18590772,5/25/18 16:45,5/25/18,VAGRANCY,222,VAGRANCY/QUALITY OF LIFE:Illegal Vending,"FLORENCE AVE AND GRAHAM AVE, LOS ANGELES, CA",FLORENCE AVE AND GRAHAM AVE,LOS ANGELES,,918-07678-2173,2173,7678,NO,CA01900V3,CENTURY,N
18537908,4/4/18 11:24,4/4/18,VAGRANCY,221,VAGRANCY: Loitering/Curfew,"8900 VERMONT AVE, LOS ANGELES, CA  90044",8900 VERMONT AVE,LOS ANGELES,90044,918-02630-0370,370,2630,NO,CA0190003,SOUTH LOS ANGELES,N
18621693,6/26/18 8:40,6/26/18,VAGRANCY,221,VAGRANCY: Loitering/Curfew,"15700 LEFFINGWELL RD, WHITTIER, CA",15700 LEFFINGWELL RD,WHITTIER,,918-09684-0497,497,9684,NO,CA0190004,NORWALK,N
18692332,9/9/18 11:00,9/9/18,VAGRANCY,222,VAGRANCY/QUALITY OF LIFE:Illegal Vending,"18400 AVALON BLVD, CARSON, CA  90747",18400 AVALON BLVD,CARSON,90747,918-00076-2405,2405,76,NO,CA01900U5,COMMUNITY ORIENTED POLICING SVCS,N
18493237,2/17/18 13:00,2/17/18,VAGRANCY,222,VAGRANCY/QUALITY OF LIFE:Illegal Vending,"FLORENCE AVE AND GRAHAM AVE, LOS ANGELES, CA",FLORENCE AVE AND GRAHAM AVE,LOS ANGELES,,918-02533-2172,2172,2533,NO,CA01900V3,CENTURY,N
18466675,1/24/18 13:54,1/24/18,VAGRANCY,222,VAGRANCY/QUALITY OF LIFE:Illegal Vending,"7800 SEVILLE AVE, LOS ANGELES, CA",7800 SEVILLE AVE,LOS ANGELES,,918-01247-2178,2178,1247,NO,CA01900V3,CENTURY,N
18586447,5/22/18 8:22,5/22/18,VAGRANCY,221,VAGRANCY: Loitering/Curfew,"MONA BLVD AND ROSECRANS AVE, COMPTON, CA",MONA BLVD AND ROSECRANS AVE,COMPTON,,918-07096-2821,2821,7096,NO,CA0190042,COMPTON,N
18552796,4/18/18 10:14,4/18/18,VAGRANCY,221,VAGRANCY: Loitering/Curfew,"ALAMEDA ST AND BANNING AVE, COMPTON, CA",ALAMEDA ST AND BANNING AVE,COMPTON,,918-05419-2820,2820,5419,NO,CA0190042,COMPTON,N
18722082,10/10/18 1:45,10/10/18,VAGRANCY,221,VAGRANCY: Loitering/Curfew,"10700 FIRESTONE BLVD, NORWALK, CA  90650",10700 FIRESTONE BLVD,NORWALK,90650,918-15085-0451,451,15085,NO,CA0190004,NORWALK,N
18778717,12/11/18 4:20,12/11/18,VAGRANCY,221,VAGRANCY: Loitering/Curfew,"12600 PIONEER BLVD, NORWALK, CA",12600 PIONEER BLVD,NORWALK,,918-18421-0454,454,18421,NO,CA0190004,NORWALK,N
18472121,1/29/18 23:30,1/30/18,VAGRANCY,221,VAGRANCY: Loitering/Curfew,"100 W BONITA AVE, SAN DIMAS, CA  91773",100 W BONITA AVE,SAN DIMAS,91773,918-00528-0814,814,528,NO,CA0190008,SAN DIMAS,N
18457617,1/16/18 0:43,1/16/18,VAGRANCY,221,VAGRANCY: Loitering/Curfew,"CORTADA ST AND ROSEMEAD BLVD, SOUTH EL MONTE, CA  91733",CORTADA ST AND ROSEMEAD BLVD,SOUTH EL MONTE,91733,918-00618-0560,560,618,NO,CA0190005,TEMPLE,N
18539303,4/5/18 16:43,4/5/18,VAGRANCY,222,VAGRANCY/QUALITY OF LIFE:Illegal Vending,"1400 FLORENCE AVE, LOS ANGELES, CA",1400 FLORENCE AVE,LOS ANGELES,,918-05108-2172,2172,5108,NO,CA01900V3,CENTURY,N
18544686,4/11/18 12:42,4/11/18,VAGRANCY,222,VAGRANCY/QUALITY OF LIFE:Illegal Vending,"1100 FLORENCE AVE, LOS ANGELES, CA",1100 FLORENCE AVE,LOS ANGELES,,918-05397-2170,2170,5397,NO,CA01900V3,CENTURY,N
18457650,1/16/18 2:13,1/16/18,VAGRANCY,221,VAGRANCY: Loitering/Curfew,"DURFEE AVE AND PECK RD, SOUTH EL MONTE, CA  91733",DURFEE AVE AND PECK RD,SOUTH EL MONTE,91733,918-00621-0563,563,621,NO,CA0190005,TEMPLE,N
18678496,8/25/18 16:09,8/25/18,VAGRANCY,222,VAGRANCY/QUALITY OF LIFE:Illegal Vending,"18400 S AVALON BLVD, CARSON, CA",18400 S AVALON BLVD,CARSON,,918-08909-1612,1612,8909,NO,CA0190016,CARSON,N
18459938,1/17/18 23:04,1/17/18,VAGRANCY,221,VAGRANCY: Loitering/Curfew,"1000 S HICKS AVE, LOS ANGELES, CA  90023",1000 S HICKS AVE,LOS ANGELES,90023,918-00965-0278,278,965,NO,CA0190002,EAST LOS ANGELES,N
18695988,9/12/18 21:45,9/12/18,VAGRANCY,221,VAGRANCY: Loitering/Curfew,"100 E AVENUE J, LANCASTER, CA",100 E AVENUE J,LANCASTER,,918-18682-1132,1132,18682,NO,CA0190024,LANCASTER,N
18493248,2/17/18 13:10,2/17/18,VAGRANCY,222,VAGRANCY/QUALITY OF LIFE:Illegal Vending,"FLORENCE AVE AND GRAHAM AVE, LOS ANGELES, CA",FLORENCE AVE AND GRAHAM AVE,LOS ANGELES,,918-02535-2172,2172,2535,NO,CA01900V3,CENTURY,N
18588225,5/23/18 18:18,5/23/18,VAGRANCY,221,VAGRANCY: Loitering/Curfew,"200 ROSEMEAD BLVD, PASADENA, CA  91107",200 ROSEMEAD BLVD,PASADENA,91107,918-06256-0590,590,6256,NO,CA0190005,TEMPLE,N
18772836,12/4/18 14:30,12/4/18,VAGRANCY,222,VAGRANCY/QUALITY OF LIFE:Illegal Vending,"15800 IMPERIAL HWY, LA MIRADA, CA  90638",15800 IMPERIAL HWY,LA MIRADA,90638,918-18088-0463,463,18088,NO,CA0190004,NORWALK,N
18609291,6/13/18 13:31,6/13/18,VAGRANCY,222,VAGRANCY/QUALITY OF LIFE:Illegal Vending,"FLORENCE AVE AND GRAHAM AVE, LOS ANGELES, CA  90001",FLORENCE AVE AND GRAHAM AVE,LOS ANGELES,90001,918-08667-2173,2173,8667,NO,CA01900V3,CENTURY,N
18458138,1/16/18 13:53,1/16/18,VAGRANCY,222,VAGRANCY/QUALITY OF LIFE:Illegal Vending,"OLIVE ST AND SEVILLE AVE, HUNTINGTON PARK, CA  90255",OLIVE ST AND SEVILLE AVE,HUNTINGTON PARK,90255,918-00772-2178,2178,772,NO,CA01900V3,CENTURY,N
18458904,1/17/18 9:41,1/17/18,VAGRANCY,221,VAGRANCY: Loitering/Curfew,"NOGALES ST AND 60 FWY, ROWLAND HEIGHTS, CA",NOGALES ST AND 60 FWY,ROWLAND HEIGHTS,,918-00445-2931,2931,445,NO,CA0190020,WALNUT,N
18500034,2/24/18 13:35,2/24/18,VAGRANCY,222,VAGRANCY/QUALITY OF LIFE:Illegal Vending,"73RD ST AND COMPTON AVE, LOS ANGELES, CA  90001",73RD ST AND COMPTON AVE,LOS ANGELES,90001,918-02920-2172,2172,2920,NO,CA01900V3,CENTURY,N
18635738,7/11/18 17:11,7/11/18,VAGRANCY,222,VAGRANCY/QUALITY OF LIFE:Illegal Vending,"FLORENCE AVE AND GRAHAM AVE, LOS ANGELES, CA",FLORENCE AVE AND GRAHAM AVE,LOS ANGELES,,918-10082-2172,2172,10082,NO,CA01900V3,CENTURY,N
18568731,5/4/18 8:24,5/4/18,VAGRANCY,222,VAGRANCY/QUALITY OF LIFE:Illegal Vending,"CENTRAL AVE AND FIRESTONE BLVD, LOS ANGELES, CA",CENTRAL AVE AND FIRESTONE BLVD,LOS ANGELES,,918-06619-2174,2174,6619,NO,CA01900V3,CENTURY,N
18748658,11/6/18 17:18,11/6/18,VAGRANCY,221,VAGRANCY: Loitering/Curfew,"SEE DR AND WESTERN AVE, WHITTIER, CA",SEE DR AND WESTERN AVE,WHITTIER,,918-07739-1575,1575,7739,NO,CA0190015,PICO RIVERA,N
18659887,8/6/18 17:01,8/6/18,VAGRANCY,221,VAGRANCY: Loitering/Curfew,"1400 E ALONDRA BLVD, COMPTON, CA  90220",1400 E ALONDRA BLVD,COMPTON,90220,918-11067-2847,2847,11067,NO,CA0190042,COMPTON,N
18603447,6/7/18 17:04,6/7/18,VAGRANCY,221,VAGRANCY: Loitering/Curfew,"8400 PIONEER BLVD, WHITTIER, CA",8400 PIONEER BLVD,WHITTIER,,918-04038-1578,1578,4038,NO,CA0190015,PICO RIVERA,N
18695589,9/12/18 15:13,9/12/18,VAGRANCY,222,VAGRANCY/QUALITY OF LIFE:Illegal Vending,"89TH ST AND MARY AVE, LOS ANGELES, CA",89TH ST AND MARY AVE,LOS ANGELES,,918-13353-2172,2172,13353,NO,CA01900V3,CENTURY,N
18660757,8/7/18 13:24,8/7/18,VAGRANCY,221,VAGRANCY: Loitering/Curfew,"1400 E ALONDRA, COMPTON, CA",1400 E ALONDRA,COMPTON,,918-11126-2841,2841,11126,NO,CA0190042,COMPTON,N
18765922,11/27/18 4:19,11/27/18,VAGRANCY,221,VAGRANCY: Loitering/Curfew,"11800 ROSECRANS AVE, NORWALK, CA  90650",11800 ROSECRANS AVE,NORWALK,90650,918-17639-0454,454,17639,NO,CA0190004,NORWALK,N
18559370,4/24/18 16:05,4/24/18,VAGRANCY,221,VAGRANCY: Loitering/Curfew,"10200 GREEN ST, TEMPLE CITY, CA  91780",10200 GREEN ST,TEMPLE CITY,91780,918-05020-0524,524,5020,NO,CA0190005,TEMPLE,N
18467832,1/25/18 7:10,1/25/18,VAGRANCY,221,VAGRANCY: Loitering/Curfew,"W BLEDSOE ST AND SAN FERNANDO RD, SYLMAR, CA",W BLEDSOE ST AND SAN FERNANDO RD,SYLMAR,,918-00017-6143,6143,17,NO,CA01900V6,METROLINK BUREAU,N
18559359,4/24/18 18:00,4/24/18,VAGRANCY,221,VAGRANCY: Loitering/Curfew,"9600 LA ROSA DR, TEMPLE CITY, CA  91780",9600 LA ROSA DR,TEMPLE CITY,91780,918-05019-0524,524,5019,NO,CA0190005,TEMPLE,N
18605104,6/9/18 11:20,6/9/18,VAGRANCY,222,VAGRANCY/QUALITY OF LIFE:Illegal Vending,"ALONDRA BLVD AND 710 FWY, PARAMOUNT, CA  90723",ALONDRA BLVD AND 710 FWY,PARAMOUNT,90723,918-12883-1366,1366,12883,NO,CA0190013,LAKEWOOD,N
18566548,5/2/18 6:30,5/2/18,VAGRANCY,221,VAGRANCY: Loitering/Curfew,"E S/R 170 AND N SHERMAN WAY, NORTH HOLLYWOOD, CA",E S/R 170 AND N SHERMAN WAY,NORTH HOLLYWOOD,,918-00089-6155,6155,89,NO,CA01900V6,METROLINK BUREAU,N
18745398,11/3/18 8:30,11/3/18,VAGRANCY,221,VAGRANCY: Loitering/Curfew,"800 W AVENUE I, LANCASTER, CA",800 W AVENUE I,LANCASTER,,918-22806-1121,1121,22806,NO,CA0190024,LANCASTER,N
18548298,4/13/18 14:38,4/13/18,VAGRANCY,222,VAGRANCY/QUALITY OF LIFE:Illegal Vending,"77TH ST AND PARMELEE AVE, LOS ANGELES, CA",77TH ST AND PARMELEE AVE,LOS ANGELES,,918-05510-2172,2172,5510,NO,CA01900V3,CENTURY,N
18659675,8/6/18 13:31,8/6/18,VAGRANCY,221,VAGRANCY: Loitering/Curfew,"1400 E ALONDRA BLVD, COMPTON, CA  90220",1400 E ALONDRA BLVD,COMPTON,90220,918-11055-2847,2847,11055,NO,CA0190042,COMPTON,N
18670844,8/17/18 16:28,8/17/18,VAGRANCY,222,VAGRANCY/QUALITY OF LIFE:Illegal Vending,"1800 FLORENCE AVE, LOS ANGELES, CA",1800 FLORENCE AVE,LOS ANGELES,,918-11938-2173,2173,11938,NO,CA01900V3,CENTURY,N
18678525,8/25/18 15:25,8/25/18,VAGRANCY,222,VAGRANCY/QUALITY OF LIFE:Illegal Vending,"18400 S AVALON BLVD, CARSON, CA",18400 S AVALON BLVD,CARSON,,918-08911-1612,1612,8911,NO,CA0190016,CARSON,N
18642313,7/18/18 13:56,7/18/18,VAGRANCY,222,VAGRANCY/QUALITY OF LIFE:Illegal Vending,"FLORENCE AVE AND GRAHAM AVE, LOS ANGELES, CA",FLORENCE AVE AND GRAHAM AVE,LOS ANGELES,,918-10439-2172,2172,10439,NO,CA01900V3,CENTURY,N
18652877,7/30/18 9:50,7/30/18,VAGRANCY,221,VAGRANCY: Loitering/Curfew,"W OAK AVE AND FIRST ST, POMONA, CA",W OAK AVE AND FIRST ST,POMONA,,918-00174-6123,6123,174,NO,CA01900V6,METROLINK BUREAU,N
18692351,9/9/18 11:50,9/9/18,VAGRANCY,222,VAGRANCY/QUALITY OF LIFE:Illegal Vending,"18400 AVALON BLVD, CARSON, CA  90746",18400 AVALON BLVD,CARSON,90746,918-00077-2405,2405,77,NO,CA01900U5,COMMUNITY ORIENTED POLICING SVCS,N
18639127,7/14/18 23:45,7/15/18,VAGRANCY,221,VAGRANCY: Loitering/Curfew,"1400 W ARROW HWY, SAN DIMAS, CA  91773",1400 W ARROW HWY,SAN DIMAS,91773,918-03678-0811,811,3678,NO,CA0190008,SAN DIMAS,N
18567067,5/2/18 15:32,5/2/18,VAGRANCY,221,VAGRANCY: Loitering/Curfew,"1500 E ROSECRANS AVE, COMPTON, CA  90220",1500 E ROSECRANS AVE,COMPTON,90220,918-06122-2826,2826,6122,NO,CA0190042,COMPTON,N
18785836,12/18/18 18:20,12/18/18,VAGRANCY,221,VAGRANCY: Loitering/Curfew,"13000 SHOEMAKER AVE, NORWALK, CA  90650",13000 SHOEMAKER AVE,NORWALK,90650,918-18806-0494,494,18806,NO,CA0190004,NORWALK,N
18755221,11/14/18 8:20,11/14/18,VAGRANCY,221,VAGRANCY: Loitering/Curfew,"SANT ANITA AVE AND VALLEY BLVD, EL MONTE, CA",SANT ANITA AVE AND VALLEY BLVD,EL MONTE,,918-00259-6112,6112,259,NO,CA01900V6,METROLINK BUREAU,N
18586444,5/22/18 8:20,5/22/18,VAGRANCY,221,VAGRANCY: Loitering/Curfew,"MONA BLVD AND ROSECRANS AVE, COMPTON, CA",MONA BLVD AND ROSECRANS AVE,COMPTON,,918-07095-2821,2821,7095,NO,CA0190042,COMPTON,N
18453719,1/11/18 12:03,1/11/18,VAGRANCY,222,VAGRANCY/QUALITY OF LIFE:Illegal Vending,"91ST ST AND COMPTON AVE, LOS ANGELES, CA",91ST ST AND COMPTON AVE,LOS ANGELES,,918-00518-2176,2176,518,NO,CA01900V3,CENTURY,N
18542607,4/9/18 14:23,4/9/18,VAGRANCY,222,VAGRANCY/QUALITY OF LIFE:Illegal Vending,"1500 E 89TH ST, LOS ANGELES, CA",1500 E 89TH ST,LOS ANGELES,,918-05284-2176,2176,5284,NO,CA01900V3,CENTURY,N
18719328,10/7/18 10:30,10/7/18,VAGRANCY,222,VAGRANCY/QUALITY OF LIFE:Illegal Vending,"18400 S AVALON BLVD, CARSON, CA",18400 S AVALON BLVD,CARSON,,918-10538-1612,1612,10538,NO,CA0190016,CARSON,N
18552794,4/18/18 10:14,4/18/18,VAGRANCY,221,VAGRANCY: Loitering/Curfew,"BANNING ST AND ALAMEDA ST, COMPTON, CA",BANNING ST AND ALAMEDA ST,COMPTON,,918-05418-2820,2820,5418,NO,CA0190042,COMPTON,N
18770750,12/2/18 7:00,12/2/18,VAGRANCY,221,VAGRANCY: Loitering/Curfew,"12100 FIRESTONE BLVD, NORWALK, CA  90650",12100 FIRESTONE BLVD,NORWALK,90650,918-17968-0454,454,17968,NO,CA0190004,NORWALK,N
18785166,12/18/18 7:28,12/18/18,VAGRANCY,221,VAGRANCY: Loitering/Curfew,"NOBLE AVE AND RAYMER ST, VAN NUYS, CA",NOBLE AVE AND RAYMER ST,VAN NUYS,,918-00275-6151,6151,275,NO,CA01900V6,METROLINK BUREAU,N
18547483,4/12/18 18:30,4/12/18,VAGRANCY,222,VAGRANCY/QUALITY OF LIFE:Illegal Vending,"FLORENCE AVE AND GRAHAM AVE, LOS ANGELES, CA",FLORENCE AVE AND GRAHAM AVE,LOS ANGELES,,918-05468-2173,2173,5468,NO,CA01900V3,CENTURY,N
18501130,2/25/18 23:35,2/26/18,VAGRANCY,221,VAGRANCY: Loitering/Curfew,"LINDELL AVE AND HARRELL ST, PICO RIVERA, CA  90660",LINDELL AVE AND HARRELL ST,PICO RIVERA,90660,918-01405-1511,1511,1405,NO,CA0190015,PICO RIVERA,N
18504964,3/1/18 16:20,3/1/18,VAGRANCY,221,VAGRANCY: Loitering/Curfew,"COLIMA RD AND AZUSA AVE, CITY OF INDUSTRY, CA",COLIMA RD AND AZUSA AVE,CITY OF INDUSTRY,,918-02934-1416,1416,2934,NO,CA0190014,INDUSTRY,N
18493119,2/17/18 10:00,2/17/18,VAGRANCY,222,VAGRANCY/QUALITY OF LIFE:Illegal Vending,"16200 PARAMOUNT BLVD, PARAMOUNT, CA  90723",16200 PARAMOUNT BLVD,PARAMOUNT,90723,918-03928-1368,1368,3928,NO,CA0190013,LAKEWOOD,N
18669758,8/16/18 16:00,8/16/18,VAGRANCY,221,VAGRANCY: Loitering/Curfew,"15800 PIONEER BLVD, NORWALK, CA  90650",15800 PIONEER BLVD,NORWALK,90650,918-12270-0456,456,12270,NO,CA0190004,NORWALK,N
18523760,3/20/18 13:48,3/20/18,VAGRANCY,222,VAGRANCY/QUALITY OF LIFE:Illegal Vending,"77TH ST AND PARMELEE AVE, LOS ANGELES, CA",77TH ST AND PARMELEE AVE,LOS ANGELES,,918-04214-2172,2172,4214,NO,CA01900V3,CENTURY,N
18600275,6/5/18 0:57,6/5/18,VAGRANCY,221,VAGRANCY: Loitering/Curfew,"800 S ROWAN AVE, LOS ANGELES, CA  90022",800 S ROWAN AVE,LOS ANGELES,90022,918-08418-0277,277,8418,NO,CA0190002,EAST LOS ANGELES,N
18716462,9/30/18 12:05,9/30/18,VAGRANCY,222,VAGRANCY/QUALITY OF LIFE:Illegal Vending,"18400 S AVALON BLVD, CARSON, CA",18400 S AVALON BLVD,CARSON,,918-80072-1612,1612,80072,NO,CA0190016,CARSON,N
18621024,6/25/18 13:10,6/25/18,VAGRANCY,221,VAGRANCY: Loitering/Curfew,"ROSEMEAD BLVD AND COLOADO BLVD, PASADENA, CA  91107",ROSEMEAD BLVD AND COLOADO BLVD,PASADENA,91107,918-07882-0590,590,7882,NO,CA0190005,TEMPLE,N
18576318,5/11/18 6:00,5/11/18,VAGRANCY,221,VAGRANCY: Loitering/Curfew,"8300 CANFORD AVE, PICO RIVERA, CA  90660",8300 CANFORD AVE,PICO RIVERA,90660,918-03317-1516,1516,3317,NO,CA0190015,PICO RIVERA,N
18513972,3/11/18 22:23,3/11/18,VAGRANCY,221,VAGRANCY: Loitering/Curfew,"LAS TUNAS DR, TEMPLE CITY, CA  91780",LAS TUNAS DR,TEMPLE CITY,91780,918-03105-0521,521,3105,NO,CA0190005,TEMPLE,N
18743223,11/1/18 0:10,11/1/18,VAGRANCY,221,VAGRANCY: Loitering/Curfew,"12800 VALLEY VIEW AVE, LA MIRADA, CA",12800 VALLEY VIEW AVE,LA MIRADA,,918-16283-0461,461,16283,NO,CA0190004,NORWALK,N
18580477,5/16/18 7:37,5/16/18,VAGRANCY,221,VAGRANCY: Loitering/Curfew,"E WINNETKA ST, CHATSWORTH, CA",E WINNETKA ST,CHATSWORTH,,918-00112-6153,6153,112,NO,CA01900V6,METROLINK BUREAU,N
18715252,10/3/18 6:45,10/3/18,VAGRANCY,221,VAGRANCY: Loitering/Curfew,"WOODMAN AVE AND SATICOY ST, VAN NUYS, CA",WOODMAN AVE AND SATICOY ST,VAN NUYS,,918-00231-6151,6151,231,NO,CA01900V6,METROLINK BUREAU,N
18654035,7/31/18 11:56,7/31/18,VAGRANCY,221,VAGRANCY: Loitering/Curfew,"8000 BROADWAY AVE, WHITTIER, CA",8000 BROADWAY AVE,WHITTIER,,918-05312-1578,1578,5312,NO,CA0190015,PICO RIVERA,N
18677755,8/23/18 8:41,8/24/18,VAGRANCY,221,VAGRANCY: Loitering/Curfew,"GARVEY AVE AND LEE AVE, SOUTH EL MONTE, CA  91733",GARVEY AVE AND LEE AVE,SOUTH EL MONTE,91733,918-80157-0560,560,80157,NO,CA0190005,TEMPLE,N
18702876,9/20/18 8:40,9/20/18,VAGRANCY,221,VAGRANCY: Loitering/Curfew,"SEPULVEDA BLVD, VAN NUYS, CA",SEPULVEDA BLVD,VAN NUYS,,918-00220-6151,6151,220,NO,CA01900V6,METROLINK BUREAU,N
18576194,5/11/18 11:05,5/11/18,VAGRANCY,221,VAGRANCY: Loitering/Curfew,"13800 PIONEER BLVD, NORWALK, CA  90650",13800 PIONEER BLVD,NORWALK,90650,918-07355-0453,453,7355,NO,CA0190004,NORWALK,N
18465200,1/23/18 10:38,1/23/18,VAGRANCY,221,VAGRANCY: Loitering/Curfew,"W OAK AVE AND FIRST ST, POMONA, CA",W OAK AVE AND FIRST ST,POMONA,,918-00015-6123,6123,15,NO,CA01900V6,METROLINK BUREAU,N
18543666,4/10/18 13:30,4/10/18,VAGRANCY,222,VAGRANCY/QUALITY OF LIFE:Illegal Vending,"1400 73RD ST, LOS ANGELES, CA",1400 73RD ST,LOS ANGELES,,918-05338-2172,2172,5338,NO,CA01900V3,CENTURY,N
18670799,8/17/18 14:31,8/17/18,VAGRANCY,222,VAGRANCY/QUALITY OF LIFE:Illegal Vending,"1800 FLORENCE AVE, LOS ANGELES, CA",1800 FLORENCE AVE,LOS ANGELES,,918-11936-2173,2173,11936,NO,CA01900V3,CENTURY,N
18661090,8/7/18 18:55,8/7/18,VAGRANCY,221,VAGRANCY: Loitering/Curfew,,,,,918-11147-2846,2846,11147,NO,CA0190042,COMPTON,N
18500048,2/24/18 14:15,2/24/18,VAGRANCY,222,VAGRANCY/QUALITY OF LIFE:Illegal Vending,"7100 COMPTON AVE, COMPTON, CA",7100 COMPTON AVE,COMPTON,,918-02923-2170,2170,2923,NO,CA01900V3,CENTURY,N
18642887,7/19/18 0:45,7/19/18,VAGRANCY,221,VAGRANCY: Loitering/Curfew,"5300 ROXBURGH ST, AZUSA, CA  91702",5300 ROXBURGH ST,AZUSA,91702,918-03760-0867,867,3760,NO,CA0190008,SAN DIMAS,N
18590760,5/25/18 16:25,5/25/18,VAGRANCY,222,VAGRANCY/QUALITY OF LIFE:Illegal Vending,"FLORENCE AVE AND GRAHAM AVE, LOS ANGELES, CA",FLORENCE AVE AND GRAHAM AVE,LOS ANGELES,,918-07677-2173,2173,7677,NO,CA01900V3,CENTURY,N
18777240,12/9/18 11:10,12/9/18,VAGRANCY,222,VAGRANCY/QUALITY OF LIFE:Illegal Vending,"18400 S AVALON BLVD, CARSON, CA",18400 S AVALON BLVD,CARSON,,918-12927-1612,1612,12927,NO,CA0190016,CARSON,N
18623908,6/28/18 10:22,6/28/18,VAGRANCY,221,VAGRANCY: Loitering/Curfew,"14900 TEMPLAR DR, LA MIRADA, CA",14900 TEMPLAR DR,LA MIRADA,,918-09805-0460,460,9805,NO,CA0190004,NORWALK,N
18723185,10/11/18 1:40,10/11/18,VAGRANCY,221,VAGRANCY: Loitering/Curfew,"9100 WHITTIER BLVD, PICO RIVERA, CA  90660",9100 WHITTIER BLVD,PICO RIVERA,90660,918-07050-1514,1514,7050,NO,CA0190015,PICO RIVERA,N
18529069,3/26/18 6:45,3/26/18,VAGRANCY,221,VAGRANCY: Loitering/Curfew,"E VINELAND AVE, NORTH HOLLYWOOD, CA",E VINELAND AVE,NORTH HOLLYWOOD,,918-00065-6155,6155,65,NO,CA01900V6,METROLINK BUREAU,N
18737130,10/25/18 12:45,10/25/18,VAGRANCY,222,VAGRANCY/QUALITY OF LIFE:Illegal Vending,"4TH ST AND INDIANA, LOS ANGELES, CA",4TH ST AND INDIANA,LOS ANGELES,,918-00108-2405,2405,108,NO,CA01900U5,COMMUNITY ORIENTED POLICING SVCS,N
18609306,6/13/18 13:31,6/13/18,VAGRANCY,222,VAGRANCY/QUALITY OF LIFE:Illegal Vending,"FLORENCE AVE AND GRAHAM AVE, LOS ANGELES, CA  90001",FLORENCE AVE AND GRAHAM AVE,LOS ANGELES,90001,918-08669-2173,2173,8669,NO,CA01900V3,CENTURY,N
18484022,2/9/18 11:06,2/9/18,VAGRANCY,221,VAGRANCY: Loitering/Curfew,"VALLEY BLVD AND TEMPLE AVE, POMONA, CA",VALLEY BLVD AND TEMPLE AVE,POMONA,,918-01058-2916,2916,1058,NO,CA0190020,WALNUT,N
18721680,10/9/18 16:54,10/9/18,VAGRANCY,222,VAGRANCY/QUALITY OF LIFE:Illegal Vending,"LIVE OAK ST AND SEVILLE AVE, HUNTINGTON PARK, CA  90255",LIVE OAK ST AND SEVILLE AVE,HUNTINGTON PARK,90255,918-14775-2178,2178,14775,NO,CA01900V3,CENTURY,N
18544670,4/11/18 12:17,4/11/18,VAGRANCY,222,VAGRANCY/QUALITY OF LIFE:Illegal Vending,"WILMINGTON AVE AND RANDOLPH ST, LOS ANGELES, CA  90001",WILMINGTON AVE AND RANDOLPH ST,LOS ANGELES,90001,918-05396-2171,2171,5396,NO,CA01900V3,CENTURY,N
18596187,5/31/18 13:30,5/31/18,VAGRANCY,222,VAGRANCY/QUALITY OF LIFE:Illegal Vending,"10000 ROSE HILLS RD, WHITTIER, CA  90606",10000 ROSE HILLS RD,WHITTIER,90606,918-03861-1570,1570,3861,NO,CA0190015,PICO RIVERA,N
18548305,4/13/18 14:38,4/13/18,VAGRANCY,222,VAGRANCY/QUALITY OF LIFE:Illegal Vending,"77TH ST AND PARMELEE AVE, LOS ANGELES, CA",77TH ST AND PARMELEE AVE,LOS ANGELES,,918-05511-2172,2172,5511,NO,CA01900V3,CENTURY,N
18521301,3/17/18 15:50,3/17/18,VAGRANCY,222,VAGRANCY/QUALITY OF LIFE:Illegal Vending,"16800 PASSAGE AVE, PARAMOUNT, CA  90723",16800 PASSAGE AVE,PARAMOUNT,90723,918-06176-1369,1369,6176,NO,CA0190013,LAKEWOOD,N
18659682,8/6/18 13:46,8/6/18,VAGRANCY,221,VAGRANCY: Loitering/Curfew,"1400 E ALONDRA BLVD, COMPTON, CA  90220",1400 E ALONDRA BLVD,COMPTON,90220,918-11056-2847,2847,11056,NO,CA0190042,COMPTON,N
18515066,3/12/18 23:30,3/13/18,VAGRANCY,221,VAGRANCY: Loitering/Curfew,"700 W MARIPOSA ST, ALTADENA, CA",700 W MARIPOSA ST,ALTADENA,,918-00747-0771,771,747,NO,CA0190007,ALTADENA,N
18590755,5/25/18 16:25,5/25/18,VAGRANCY,222,VAGRANCY/QUALITY OF LIFE:Illegal Vending,"FLORENCE AVE AND GRAHAM AVE, LOS ANGELES, CA",FLORENCE AVE AND GRAHAM AVE,LOS ANGELES,,918-07675-2173,2173,7675,NO,CA01900V3,CENTURY,N
18730025,10/18/18 0:30,10/18/18,VAGRANCY,221,VAGRANCY: Loitering/Curfew,"11900 FIRESTONE BLVD, NORWALK, CA",11900 FIRESTONE BLVD,NORWALK,,918-15522-0454,454,15522,NO,CA0190004,NORWALK,N
18458924,1/17/18 9:53,1/17/18,VAGRANCY,221,VAGRANCY: Loitering/Curfew,"NOGALES ST AND 60 FWY, ROWLAND HEIGHTS, CA",NOGALES ST AND 60 FWY,ROWLAND HEIGHTS,,918-00447-2931,2931,447,NO,CA0190020,WALNUT,N
18679855,8/27/18 11:28,8/27/18,VAGRANCY,221,VAGRANCY: Loitering/Curfew,"13900 EDWARDS, LA MIRADA, CA",13900 EDWARDS,LA MIRADA,,918-12797-0461,461,12797,NO,CA0190004,NORWALK,N
18583500,5/18/18 17:00,5/18/18,VAGRANCY,222,VAGRANCY/QUALITY OF LIFE:Illegal Vending,"DOWNEY AVE AND QUIMBY ST, PARAMOUNT, CA  90723",DOWNEY AVE AND QUIMBY ST,PARAMOUNT,90723,918-11255-1365,1365,11255,NO,CA0190013,LAKEWOOD,N
18578822,5/14/18 17:25,5/14/18,VAGRANCY,221,VAGRANCY: Loitering/Curfew,"88TH ST AND VERMONT AVE, LOS ANGELES, CA",88TH ST AND VERMONT AVE,LOS ANGELES,,918-03734-0370,370,3734,NO,CA0190003,SOUTH LOS ANGELES,N
18728382,10/16/18 14:29,10/16/18,VAGRANCY,222,VAGRANCY/QUALITY OF LIFE:Illegal Vending,"7900 PACIFIC BLVD, WALNUT PARK, CA",7900 PACIFIC BLVD,WALNUT PARK,,918-15119-2178,2178,15119,NO,CA01900V3,CENTURY,N
18692393,9/9/18 13:00,9/9/18,VAGRANCY,222,VAGRANCY/QUALITY OF LIFE:Illegal Vending,"18400 S AVALON BLVD, CARSON, CA",18400 S AVALON BLVD,CARSON,,918-09489-1612,1612,9489,NO,CA0190016,CARSON,N
18615772,6/20/18 8:40,6/20/18,VAGRANCY,221,VAGRANCY: Loitering/Curfew,"W VAN NUYS BLVD AND N RAYMER ST, VAN NUYS, CA",W VAN NUYS BLVD AND N RAYMER ST,VAN NUYS,,918-00137-6151,6151,137,NO,CA01900V6,METROLINK BUREAU,N
18738932,10/27/18 11:01,10/27/18,VAGRANCY,221,VAGRANCY: Loitering/Curfew,"NOGALES ST AND SR-60, ROWLAND HEIGHTS, CA  91748",NOGALES ST AND SR-60,ROWLAND HEIGHTS,91748,918-07217-2931,2931,7217,NO,CA0190020,WALNUT,N
18665350,8/12/18 9:56,8/12/18,VAGRANCY,222,VAGRANCY/QUALITY OF LIFE:Illegal Vending,"62ND ST AND COMPTON AVE, LOS ANGELES, CA",62ND ST AND COMPTON AVE,LOS ANGELES,,918-11642-2170,2170,11642,NO,CA01900V3,CENTURY,N
18755165,11/14/18 6:35,11/14/18,VAGRANCY,221,VAGRANCY: Loitering/Curfew,"COGSWELL RD AND 10 FWY, EL MONTE, CA",COGSWELL RD AND 10 FWY,EL MONTE,,918-00255-6112,6112,255,NO,CA01900V6,METROLINK BUREAU,N
18715586,10/3/18 12:00,10/3/18,VAGRANCY,221,VAGRANCY: Loitering/Curfew,"40TH ST W AND AVENUE L, LANCASTER, CA",40TH ST W AND AVENUE L,LANCASTER,,918-20315-1139,1139,20315,NO,CA0190024,LANCASTER,N
18453728,1/11/18 12:10,1/11/18,VAGRANCY,221,VAGRANCY: Loitering/Curfew,"2500 E AVENUE S, PALMDALE, CA",2500 E AVENUE S,PALMDALE,,918-00466-2603,2603,466,NO,CA01900W9,PALMDALE,N
18514568,3/12/18 14:00,3/12/18,VAGRANCY,222,VAGRANCY/QUALITY OF LIFE:Illegal Vending,"PALMDALE BLVD AND 14 FWY, PALMDALE, CA",PALMDALE BLVD AND 14 FWY,PALMDALE,,918-03593-2611,2611,3593,NO,CA01900W9,PALMDALE,N
18548021,4/13/18 10:05,4/13/18,VAGRANCY,221,VAGRANCY: Loitering/Curfew,"12600 ROSECRANS AVE, NORWALK, CA  90650",12600 ROSECRANS AVE,NORWALK,90650,918-05796-0456,456,5796,NO,CA0190004,NORWALK,N
18709063,9/26/18 17:18,9/26/18,VAGRANCY,221,VAGRANCY: Loitering/Curfew,"25TH ST W AND AVENUE K, LANCASTER, CA",25TH ST W AND AVENUE K,LANCASTER,,918-19790-1126,1126,19790,NO,CA0190024,LANCASTER,N
18515003,3/12/18 22:22,3/12/18,VAGRANCY,221,VAGRANCY: Loitering/Curfew,"1000 HIGHLAND AVE, DUARTE, CA  91010",1000 HIGHLAND AVE,DUARTE,91010,918-03149-0541,541,3149,NO,CA0190005,TEMPLE,N
18651691,7/28/18 15:20,7/28/18,VAGRANCY,222,VAGRANCY/QUALITY OF LIFE:Illegal Vending,"73RD ST AND COMPTON AVE, LOS ANGELES, CA",73RD ST AND COMPTON AVE,LOS ANGELES,,918-10943-2172,2172,10943,NO,CA01900V3,CENTURY,N
18688691,9/5/18 13:07,9/5/18,VAGRANCY,222,VAGRANCY/QUALITY OF LIFE:Illegal Vending,"8200 BEACH ST, LOS ANGELES, CA",8200 BEACH ST,LOS ANGELES,,918-12984-2174,2174,12984,NO,CA01900V3,CENTURY,N
18446028,1/3/18 19:11,1/3/18,VAGRANCY,221,VAGRANCY: Loitering/Curfew,"100 E WOODBURY RD, ALTADENA, CA  91001",100 E WOODBURY RD,ALTADENA,91001,918-00033-0772,772,33,NO,CA0190007,ALTADENA,N
18688707,9/5/18 13:23,9/5/18,VAGRANCY,222,VAGRANCY/QUALITY OF LIFE:Illegal Vending,"1600 87TH ST, LOS ANGELES, CA",1600 87TH ST,LOS ANGELES,,918-12987-2174,2174,12987,NO,CA01900V3,CENTURY,N
18566550,5/2/18 6:30,5/2/18,VAGRANCY,221,VAGRANCY: Loitering/Curfew,"S/R 170 AND N SHERMAN WAY, NORTH HOLLYWOOD, CA",S/R 170 AND N SHERMAN WAY,NORTH HOLLYWOOD,,918-00090-6155,6155,90,NO,CA01900V6,METROLINK BUREAU,N
18458136,1/16/18 13:52,1/16/18,VAGRANCY,222,VAGRANCY/QUALITY OF LIFE:Illegal Vending,"2500 OLIVE ST, WALNUT PARK, CA  90255",2500 OLIVE ST,WALNUT PARK,90255,918-00771-2178,2178,771,NO,CA01900V3,CENTURY,N
18547480,4/12/18 18:30,4/12/18,VAGRANCY,222,VAGRANCY/QUALITY OF LIFE:Illegal Vending,"FLORENCE AVE AND GRAHAM AVE, LOS ANGELES, CA",FLORENCE AVE AND GRAHAM AVE,LOS ANGELES,,918-05467-2173,2173,5467,NO,CA01900V3,CENTURY,N
18457762,1/16/18 7:30,1/16/18,VAGRANCY,221,VAGRANCY: Loitering/Curfew,"E LANKERSHIM BLVD AND HART ST, NORTH HOLLYWOOD, CA",E LANKERSHIM BLVD AND HART ST,NORTH HOLLYWOOD,,918-00011-6155,6155,11,NO,CA01900V6,METROLINK BUREAU,N
18523791,3/20/18 14:15,3/20/18,VAGRANCY,222,VAGRANCY/QUALITY OF LIFE:Illegal Vending,"2600 OLIVE ST, WALNUT PARK, CA  90255",2600 OLIVE ST,WALNUT PARK,90255,918-04218-2178,2178,4218,NO,CA01900V3,CENTURY,N
18542885,4/9/18 19:30,4/9/18,VAGRANCY,221,VAGRANCY: Loitering/Curfew,"14100 LAMBERT RD, WHITTIER, CA  90605",14100 LAMBERT RD,WHITTIER,90605,918-05572-0491,491,5572,NO,CA0190004,NORWALK,N
18696327,9/13/18 9:36,9/13/18,VAGRANCY,221,VAGRANCY: Loitering/Curfew,"15700 LEFFINGWELL RD, WHITTIER, CA  90605",15700 LEFFINGWELL RD,WHITTIER,90605,918-13596-0497,497,13596,NO,CA0190004,NORWALK,N
18729068,10/17/18 7:10,10/17/18,VAGRANCY,221,VAGRANCY: Loitering/Curfew,"CORBIN AND NORDHOFF AVE, NORTHRIDGE, CA",CORBIN AND NORDHOFF AVE,NORTHRIDGE,,918-00238-6152,6152,238,NO,CA01900V6,METROLINK BUREAU,N
18696400,9/13/18 10:36,9/13/18,VAGRANCY,221,VAGRANCY: Loitering/Curfew,"COLIMA RD AND BREA CANYN CUTOFF, ROWLAND HEIGHTS, CA",COLIMA RD AND BREA CANYN CUTOFF,ROWLAND HEIGHTS,,918-05960-2935,2935,5960,NO,CA0190020,WALNUT,N
18476001,2/2/18 6:57,2/2/18,VAGRANCY,221,VAGRANCY: Loitering/Curfew,"E BALBOA BLVD AND ROSCOE BLVD, NORTHRIDGE, CA",E BALBOA BLVD AND ROSCOE BLVD,NORTHRIDGE,,918-00022-6152,6152,22,NO,CA01900V6,METROLINK BUREAU,N
18661849,8/8/18 13:27,8/8/18,VAGRANCY,222,VAGRANCY/QUALITY OF LIFE:Illegal Vending,"73RD ST AND COMPTON AVE, LOS ANGELES, CA  90001",73RD ST AND COMPTON AVE,LOS ANGELES,90001,918-11456-2172,2172,11456,NO,CA01900V3,CENTURY,N
18567064,5/2/18 15:30,5/2/18,VAGRANCY,221,VAGRANCY: Loitering/Curfew,"1500 E ROSECRANS AVE, COMPTON, CA",1500 E ROSECRANS AVE,COMPTON,,918-06121-2826,2826,6121,NO,CA0190042,COMPTON,N
18553053,4/18/18 14:10,4/18/18,VAGRANCY,222,VAGRANCY/QUALITY OF LIFE:Illegal Vending,"1800 60TH ST, LOS ANGELES, CA",1800 60TH ST,LOS ANGELES,,918-05745-2171,2171,5745,NO,CA01900V3,CENTURY,N
18503219,2/28/18 1:03,2/28/18,VAGRANCY,221,VAGRANCY: Loitering/Curfew,"13900 CATEAU DR, WHITTIER, CA",13900 CATEAU DR,WHITTIER,,918-03238-0495,495,3238,NO,CA0190004,NORWALK,N
18586449,5/22/18 8:31,5/22/18,VAGRANCY,221,VAGRANCY: Loitering/Curfew,"MONA BLVD AND ROSECRANS AVE, COMPTON, CA",MONA BLVD AND ROSECRANS AVE,COMPTON,,918-07097-2821,2821,7097,NO,CA0190042,COMPTON,N
18532924,3/29/18 17:15,3/29/18,VAGRANCY,221,VAGRANCY: Loitering/Curfew,"12900 HOXIE AVE, NORWALK, CA  90650",12900 HOXIE AVE,NORWALK,90650,918-00335-6068,6068,335,NO,CA0190031,TRANSIT SERV BUR,N
18590758,5/25/18 16:30,5/25/18,VAGRANCY,222,VAGRANCY/QUALITY OF LIFE:Illegal Vending,"FLORENCE AVE AND GRAHAM AVE, LOS ANGELES, CA",FLORENCE AVE AND GRAHAM AVE,LOS ANGELES,,918-07676-2173,2173,7676,NO,CA01900V3,CENTURY,N
18729107,10/17/18 8:00,10/17/18,VAGRANCY,221,VAGRANCY: Loitering/Curfew,"WINNETKA ST AND NORDOFF ST, LOS ANGELES, CA",WINNETKA ST AND NORDOFF ST,LOS ANGELES,,918-00241-6153,6153,241,NO,CA01900V6,METROLINK BUREAU,N
18640683,7/16/18 10:32,7/16/18,VAGRANCY,221,VAGRANCY: Loitering/Curfew,"500 EAST RD, LA HABRA HEIGHTS, CA  90631",500 EAST RD,LA HABRA HEIGHTS,90631,918-09403-1451,1451,9403,NO,CA0190014,INDUSTRY,N
18655414,8/1/18 17:00,8/1/18,VAGRANCY,222,VAGRANCY/QUALITY OF LIFE:Illegal Vending,"EL CAMINO AVE AND SAN LUIS ST, PARAMOUNT, CA  90723",EL CAMINO AVE AND SAN LUIS ST,PARAMOUNT,90723,918-16901-1363,1363,16901,NO,CA0190013,LAKEWOOD,N
18719337,10/7/18 10:30,10/7/18,VAGRANCY,222,VAGRANCY/QUALITY OF LIFE:Illegal Vending,"18400 S AVALON BLVD, CARSON, CA",18400 S AVALON BLVD,CARSON,,918-10539-1612,1612,10539,NO,CA0190016,CARSON,N
18653577,7/30/18 22:35,7/30/18,VAGRANCY,221,VAGRANCY: Loitering/Curfew,"GARVEY AVE AND ROSEMEAD BLVD, SOUTH EL MONTE, CA  91733",GARVEY AVE AND ROSEMEAD BLVD,SOUTH EL MONTE,91733,918-09519-0560,560,9519,NO,CA0190005,TEMPLE,N
18786078,12/18/18 23:50,12/19/18,VAGRANCY,221,VAGRANCY: Loitering/Curfew,"10600 ROSECRANS AVE, NORWALK, CA",10600 ROSECRANS AVE,NORWALK,,918-18823-0453,453,18823,NO,CA0190004,NORWALK,N
18765935,11/27/18 4:56,11/27/18,VAGRANCY,221,VAGRANCY: Loitering/Curfew,"11300 ROSECRANS AVE, NORWALK, CA  90650",11300 ROSECRANS AVE,NORWALK,90650,918-17641-0453,453,17641,NO,CA0190004,NORWALK,N
18692350,9/9/18 12:00,9/9/18,VAGRANCY,222,VAGRANCY/QUALITY OF LIFE:Illegal Vending,"18400 S AVALON BLVD, CARSON, CA",18400 S AVALON BLVD,CARSON,,918-09483-1612,1612,9483,NO,CA0190016,CARSON,N
18710562,9/28/18 8:07,9/28/18,VAGRANCY,221,VAGRANCY: Loitering/Curfew,"12100 IMPERIAL HWY, NORWALK, CA  90650",12100 IMPERIAL HWY,NORWALK,90650,918-14407-0452,452,14407,NO,CA0190004,NORWALK,N
18688561,9/5/18 11:05,9/5/18,VAGRANCY,221,VAGRANCY: Loitering/Curfew,"SLAUSON AVE AND 605 FWY, WHITTIER, CA",SLAUSON AVE AND 605 FWY,WHITTIER,,918-06152-1578,1578,6152,NO,CA0190015,PICO RIVERA,N
18789467,12/22/18 15:00,12/22/18,VAGRANCY,222,VAGRANCY/QUALITY OF LIFE:Illegal Vending,"18400 S AVALON BLVD, CARSON, CA",18400 S AVALON BLVD,CARSON,,918-13406-1612,1612,13406,NO,CA0190016,CARSON,N
18586458,5/22/18 8:45,5/22/18,VAGRANCY,221,VAGRANCY: Loitering/Curfew,"MONA BLVD AND ROSECRANS AVE, COMPTON, CA",MONA BLVD AND ROSECRANS AVE,COMPTON,,918-07098-2821,2821,7098,NO,CA0190042,COMPTON,N
18447713,1/5/18 12:17,1/5/18,VAGRANCY,221,VAGRANCY: Loitering/Curfew,"11400 SANTA GERTRUDES, WHITTIER, CA",11400 SANTA GERTRUDES,WHITTIER,,918-00227-0497,497,227,NO,CA0190004,NORWALK,N
18607825,6/12/18 10:08,6/12/18,VAGRANCY,221,VAGRANCY: Loitering/Curfew,"8400 PIONEER BLVD, WHITTIER, CA  90606",8400 PIONEER BLVD,WHITTIER,90606,918-04152-1578,1578,4152,NO,CA0190015,PICO RIVERA,N
18573558,5/8/18 23:48,5/8/18,VAGRANCY,221,VAGRANCY: Loitering/Curfew,"27300 SIERRA HWY, CANYON COUNTRY, CA  91387",27300 SIERRA HWY,CANYON COUNTRY,91387,918-06386-0612,612,6386,NO,CA0190006,SANTA CLARITA VALLEY,N
18486762,2/12/18 15:00,2/12/18,VAGRANCY,222,VAGRANCY/QUALITY OF LIFE:Illegal Vending,"105 FWY AND GARFEILD AVE, PARAMOUNT, CA  90723",105 FWY AND GARFEILD AVE,PARAMOUNT,90723,918-03527-1361,1361,3527,NO,CA0190013,LAKEWOOD,N
18534903,4/1/18 1:15,4/1/18,VAGRANCY,221,VAGRANCY: Loitering/Curfew,"LARK ELLEN AND PAYSON ST, AZUSA, CA  91702",LARK ELLEN AND PAYSON ST,AZUSA,91702,918-01690-0867,867,1690,NO,CA0190008,SAN DIMAS,N
18670812,8/17/18 15:54,8/17/18,VAGRANCY,222,VAGRANCY/QUALITY OF LIFE:Illegal Vending,"1800 FLORENCE AVE, LOS ANGELES, CA",1800 FLORENCE AVE,LOS ANGELES,,918-11937-2173,2173,11937,NO,CA01900V3,CENTURY,N
18716444,9/30/18 10:35,9/30/18,VAGRANCY,222,VAGRANCY/QUALITY OF LIFE:Illegal Vending,"18400 S AVALON BLVD, CARSON, CA",18400 S AVALON BLVD,CARSON,,918-80066-1612,1612,80066,NO,CA0190016,CARSON,N
18665339,8/12/18 9:37,8/12/18,VAGRANCY,222,VAGRANCY/QUALITY OF LIFE:Illegal Vending,"58TH PL AND COMPTON AVE, LOS ANGELES, CA",58TH PL AND COMPTON AVE,LOS ANGELES,,918-11641-2170,2170,11641,NO,CA01900V3,CENTURY,N
18566551,5/2/18 6:29,5/2/18,VAGRANCY,221,VAGRANCY: Loitering/Curfew,"W LAUREL CANYON BLVD AND SHERMAN WAY, NORTH HOLLYWOOD, CA",W LAUREL CANYON BLVD AND SHERMAN WAY,NORTH HOLLYWOOD,,918-00091-6155,6155,91,NO,CA01900V6,METROLINK BUREAU,N
18566912,5/2/18 12:55,5/2/18,VAGRANCY,222,VAGRANCY/QUALITY OF LIFE:Illegal Vending,"91ST ST AND COMPTON AVE, LOS ANGELES, CA",91ST ST AND COMPTON AVE,LOS ANGELES,,918-06515-2176,2176,6515,NO,CA01900V3,CENTURY,N
18635740,7/11/18 17:13,7/11/18,VAGRANCY,222,VAGRANCY/QUALITY OF LIFE:Illegal Vending,"FLORENCE AVE AND GRAHAM AVE, LOS ANGELES, CA",FLORENCE AVE AND GRAHAM AVE,LOS ANGELES,,918-10083-2172,2172,10083,NO,CA01900V3,CENTURY,N
18596773,6/1/18 1:11,6/1/18,VAGRANCY,221,VAGRANCY: Loitering/Curfew,"300 N ROWAN AVE, LOS ANGELES, CA",300 N ROWAN AVE,LOS ANGELES,,918-08197-0276,276,8197,NO,CA0190002,EAST LOS ANGELES,N
18615048,6/19/18 14:06,6/19/18,VAGRANCY,222,VAGRANCY/QUALITY OF LIFE:Illegal Vending,"91ST ST AND COMPTON AVE, LOS ANGELES, CA  90002",91ST ST AND COMPTON AVE,LOS ANGELES,90002,918-08965-2176,2176,8965,NO,CA01900V3,CENTURY,N
18719411,10/7/18 11:45,10/7/18,VAGRANCY,222,VAGRANCY/QUALITY OF LIFE:Illegal Vending,"18400 S AVALON BLVD, CARSON, CA",18400 S AVALON BLVD,CARSON,,918-10544-1612,1612,10544,NO,CA0190016,CARSON,N
18651344,7/28/18 2:57,7/28/18,VAGRANCY,222,VAGRANCY/QUALITY OF LIFE:Illegal Vending,"SANTA MONICA BLVD AND LARRABEE ST, WEST HOLLYWOOD, CA  90069",SANTA MONICA BLVD AND LARRABEE ST,WEST HOLLYWOOD,90069,918-04978-0977,977,4978,NO,CA0190009,WEST HOLLYWOOD,N
18711702,9/29/18 12:12,9/29/18,VAGRANCY,221,VAGRANCY: Loitering/Curfew,"42100 50TH ST W, LANCASTER, CA",42100 50TH ST W,LANCASTER,,918-20005-1182,1182,20005,NO,CA0190024,LANCASTER,N
18738936,10/27/18 11:00,10/27/18,VAGRANCY,221,VAGRANCY: Loitering/Curfew,"NOGALES ST AND 60 FWY, ROWLAND HEIGHTS, CA",NOGALES ST AND 60 FWY,ROWLAND HEIGHTS,,918-07218-2931,2931,7218,NO,CA0190020,WALNUT,N
18488000,2/13/18 16:30,2/13/18,VAGRANCY,221,VAGRANCY: Loitering/Curfew,"FAIRWAY DR AND 60 FRWY, ROWLAND HEIGHTS, CA",FAIRWAY DR AND 60 FRWY,ROWLAND HEIGHTS,,918-01139-2938,2938,1139,NO,CA0190020,WALNUT,N
18545523,4/12/18 8:40,4/12/18,VAGRANCY,221,VAGRANCY: Loitering/Curfew,"800 W ARROW HWY, SAN DIMAS, CA  91773",800 W ARROW HWY,SAN DIMAS,91773,918-01881-0811,811,1881,NO,CA0190008,SAN DIMAS,N
18642307,7/18/18 12:56,7/18/18,VAGRANCY,222,VAGRANCY/QUALITY OF LIFE:Illegal Vending,"FLORENCE AVE AND GRAHAM AVE, LOS ANGELES, CA",FLORENCE AVE AND GRAHAM AVE,LOS ANGELES,,918-10437-2172,2172,10437,NO,CA01900V3,CENTURY,N
18737528,10/25/18 20:03,10/25/18,VAGRANCY,222,VAGRANCY/QUALITY OF LIFE:Illegal Vending,"8200 CENTRAL AVE, LOS ANGELES, CA",8200 CENTRAL AVE,LOS ANGELES,,918-15579-2174,2174,15579,NO,CA01900V3,CENTURY,N
18635386,7/11/18 11:30,7/11/18,VAGRANCY,222,VAGRANCY/QUALITY OF LIFE:Illegal Vending,"FLORENCE AVE AND GRAHAM AVE, LOS ANGELES, CA",FLORENCE AVE AND GRAHAM AVE,LOS ANGELES,,918-10064-2172,2172,10064,NO,CA01900V3,CENTURY,N
18659673,8/6/18 13:36,8/6/18,VAGRANCY,221,VAGRANCY: Loitering/Curfew,"1400 E ALONDRA BLVD, COMPTON, CA",1400 E ALONDRA BLVD,COMPTON,,918-11054-2847,2847,11054,NO,CA0190042,COMPTON,N
18495421,2/20/18 9:30,2/20/18,VAGRANCY,221,VAGRANCY: Loitering/Curfew,"E NOBLE AVE AND RAYMER ST, VAN NUYS, CA",E NOBLE AVE AND RAYMER ST,VAN NUYS,,918-00031-6151,6151,31,NO,CA01900V6,METROLINK BUREAU,N
18488060,2/13/18 16:45,2/13/18,VAGRANCY,222,VAGRANCY/QUALITY OF LIFE:Illegal Vending,"10TH ST W AND AVENUE O-8, PALMDALE, CA",10TH ST W AND AVENUE O-8,PALMDALE,,918-02204-2619,2619,2204,NO,CA01900W9,PALMDALE,N
18766926,11/28/18 2:27,11/28/18,VAGRANCY,221,VAGRANCY: Loitering/Curfew,"10800 EXCELSIOR DR, NORWALK, CA",10800 EXCELSIOR DR,NORWALK,,918-17713-0455,455,17713,NO,CA0190004,NORWALK,N
18784107,12/17/18 2:33,12/17/18,VAGRANCY,221,VAGRANCY: Loitering/Curfew,"16600 BYGROVE ST, COVINA, CA",16600 BYGROVE ST,COVINA,,918-06712-0866,866,6712,NO,CA0190008,SAN DIMAS,N
18692389,9/9/18 12:30,9/9/18,VAGRANCY,222,VAGRANCY/QUALITY OF LIFE:Illegal Vending,"18400 S AVALON BLVD, CARSON, CA",18400 S AVALON BLVD,CARSON,,918-09488-1612,1612,9488,NO,CA0190016,CARSON,N
18716458,9/30/18 11:20,9/30/18,VAGRANCY,222,VAGRANCY/QUALITY OF LIFE:Illegal Vending,"18400 S AVALON BLVD, CARSON, CA",18400 S AVALON BLVD,CARSON,,918-80071-1612,1612,80071,NO,CA0190016,CARSON,N
18746544,11/4/18 19:45,11/4/18,VAGRANCY,221,VAGRANCY: Loitering/Curfew,"1300 W ROSAMOND BLVD, ROSAMOND, CA",1300 W ROSAMOND BLVD,ROSAMOND,,918-22913-1123,1123,22913,NO,CA0190024,LANCASTER,N
18492787,2/16/18 21:45,2/16/18,VAGRANCY,222,VAGRANCY/QUALITY OF LIFE:Illegal Vending,"13300 ORIZABA AVE, PARAMOUNT, CA  90723",13300 ORIZABA AVE,PARAMOUNT,90723,918-03896-1362,1362,3896,NO,CA0190013,LAKEWOOD,N
18701584,9/18/18 21:36,9/18/18,VAGRANCY,221,VAGRANCY: Loitering/Curfew,"800 E AVENUE J, LANCASTER, CA",800 E AVENUE J,LANCASTER,,918-19158-1137,1137,19158,NO,CA0190024,LANCASTER,N
18736961,10/25/18 10:30,10/25/18,VAGRANCY,221,VAGRANCY: Loitering/Curfew,"10700 CARMENITA RD, WHITTIER, CA  90605",10700 CARMENITA RD,WHITTIER,90605,918-15944-0494,494,15944,NO,CA0190004,NORWALK,N
18719346,10/7/18 10:50,10/7/18,VAGRANCY,222,VAGRANCY/QUALITY OF LIFE:Illegal Vending,"18400 S AVALON BLVD, CARSON, CA",18400 S AVALON BLVD,CARSON,,918-10541-1612,1612,10541,NO,CA0190016,CARSON,N
18707705,9/25/18 14:37,9/25/18,VAGRANCY,221,VAGRANCY: Loitering/Curfew,"LONG BEACH BLVD AND BENNETT ST, COMPTON, CA",LONG BEACH BLVD AND BENNETT ST,COMPTON,,918-13813-2844,2844,13813,NO,CA0190042,COMPTON,N
18493320,2/17/18 14:55,2/17/18,VAGRANCY,222,VAGRANCY/QUALITY OF LIFE:Illegal Vending,"105 FWY AND GARFIELD AVE, PARAMOUNT, CA  90723",105 FWY AND GARFIELD AVE,PARAMOUNT,90723,918-03945-1361,1361,3945,NO,CA0190013,LAKEWOOD,N
18495784,2/20/18 13:05,2/20/18,VAGRANCY,221,VAGRANCY: Loitering/Curfew,"VALLEY AND NOGALES, WEST COVINA, CA",VALLEY AND NOGALES,WEST COVINA,,918-01306-2945,2945,1306,NO,CA0190020,WALNUT,N
18615710,6/20/18 7:15,6/20/18,VAGRANCY,221,VAGRANCY: Loitering/Curfew,"E BALBOA BLVD AND N ROSCOE BLVD, NORTHRIDGE, CA",E BALBOA BLVD AND N ROSCOE BLVD,NORTHRIDGE,,918-00132-6152,6152,132,NO,CA01900V6,METROLINK BUREAU,N
18659777,8/6/18 15:17,8/6/18,VAGRANCY,221,VAGRANCY: Loitering/Curfew,"WILLOWBROOK AVE AND PALMER ST, COMPTON, CA",WILLOWBROOK AVE AND PALMER ST,COMPTON,,918-11060-2840,2840,11060,NO,CA0190042,COMPTON,N
18573124,5/8/18 15:04,5/8/18,VAGRANCY,221,VAGRANCY: Loitering/Curfew,"8500 PIONEER BLVD, WHITTIER, CA",8500 PIONEER BLVD,WHITTIER,,918-03244-1578,1578,3244,NO,CA0190015,PICO RIVERA,N
18702890,9/20/18 8:00,9/20/18,VAGRANCY,221,VAGRANCY: Loitering/Curfew,"405 FWY AND SEPULVEDA BLVD, VAN NUYS, CA",405 FWY AND SEPULVEDA BLVD,VAN NUYS,,918-00221-6151,6151,221,NO,CA01900V6,METROLINK BUREAU,N
18691612,9/8/18 11:48,9/8/18,VAGRANCY,222,VAGRANCY/QUALITY OF LIFE:Illegal Vending,"73RD ST AND FLORENCE AVE, LOS ANGELES, CA  90001",73RD ST AND FLORENCE AVE,LOS ANGELES,90001,918-13127-2172,2172,13127,NO,CA01900V3,CENTURY,N
18755181,11/14/18 7:00,11/14/18,VAGRANCY,221,VAGRANCY: Loitering/Curfew,"COGSWELL RD AND VALLEY BLVD, EL MONTE, CA",COGSWELL RD AND VALLEY BLVD,EL MONTE,,918-00257-6112,6112,257,NO,CA01900V6,METROLINK BUREAU,N
18788698,12/21/18 17:15,12/21/18,VAGRANCY,221,VAGRANCY: Loitering/Curfew,"9700 CARMENITA RD, WHITTIER, CA  90605",9700 CARMENITA RD,WHITTIER,90605,918-18969-0491,491,18969,NO,CA0190004,NORWALK,N
18547489,4/12/18 18:30,4/12/18,VAGRANCY,222,VAGRANCY/QUALITY OF LIFE:Illegal Vending,"FLORENCE AVE AND GRAHAM AVE, LOS ANGELES, CA",FLORENCE AVE AND GRAHAM AVE,LOS ANGELES,,918-05470-2173,2173,5470,NO,CA01900V3,CENTURY,N
18661853,8/8/18 14:32,8/8/18,VAGRANCY,222,VAGRANCY/QUALITY OF LIFE:Illegal Vending,"73RD ST AND COMPTON AVE, LOS ANGELES, CA  90001",73RD ST AND COMPTON AVE,LOS ANGELES,90001,918-11457-2172,2172,11457,NO,CA01900V3,CENTURY,N
18566564,5/2/18 7:00,5/2/18,VAGRANCY,221,VAGRANCY: Loitering/Curfew,"S/R 170 AND N SHERMAN WAY, NORTH HOLLYWOOD, CA",S/R 170 AND N SHERMAN WAY,NORTH HOLLYWOOD,,918-00092-6155,6155,92,NO,CA01900V6,METROLINK BUREAU,N
18674882,8/22/18 7:30,8/22/18,VAGRANCY,221,VAGRANCY: Loitering/Curfew,"AVE R AND SIERRA HWY, PALMDALE, CA",AVE R AND SIERRA HWY,PALMDALE,,918-00200-6148,6148,200,NO,CA01900V6,METROLINK BUREAU,N
18616757,6/21/18 7:39,6/21/18,VAGRANCY,221,VAGRANCY: Loitering/Curfew,"POMONA BLVD AND TEMPLE AVE, WALNUT, CA  91789",POMONA BLVD AND TEMPLE AVE,WALNUT,91789,918-03936-2916,2916,3936,NO,CA0190020,WALNUT,N
18641733,7/17/18 21:40,7/17/18,VAGRANCY,221,VAGRANCY: Loitering/Curfew,"1200 GOODRICH BLVD, COMMERCE, CA",1200 GOODRICH BLVD,COMMERCE,,918-10667-0242,242,10667,NO,CA0190002,EAST LOS ANGELES,N
18729084,10/17/18 7:45,10/17/18,VAGRANCY,221,VAGRANCY: Loitering/Curfew,"CORBIN ST AND NORDOFF ST, LOS ANGELES, CA",CORBIN ST AND NORDOFF ST,LOS ANGELES,,918-00240-6153,6153,240,NO,CA01900V6,METROLINK BUREAU,N
18591121,5/25/18 23:12,5/25/18,VAGRANCY,221,VAGRANCY: Loitering/Curfew,"100 W LAS FLORES DR, ALTADENA, CA",100 W LAS FLORES DR,ALTADENA,,918-01513-0771,771,1513,NO,CA0190007,ALTADENA,N
18688785,9/5/18 14:35,9/5/18,VAGRANCY,222,VAGRANCY/QUALITY OF LIFE:Illegal Vending,"8400 FIR AVE, LOS ANGELES, CA",8400 FIR AVE,LOS ANGELES,,918-13000-2175,2175,13000,NO,CA01900V3,CENTURY,N
18696437,9/13/18 11:00,9/13/18,VAGRANCY,221,VAGRANCY: Loitering/Curfew,"HASKELL AVE, VAN NUYS, CA",HASKELL AVE,VAN NUYS,,918-00217-6151,6151,217,NO,CA01900V6,METROLINK BUREAU,N
18728745,10/16/18 20:04,10/16/18,VAGRANCY,221,VAGRANCY: Loitering/Curfew,"43600 10TH ST W, LANCASTER, CA",43600 10TH ST W,LANCASTER,,918-21361-1123,1123,21361,NO,CA0190024,LANCASTER,N
18569424,5/4/18 9:04,5/4/18,VAGRANCY,221,VAGRANCY: Loitering/Curfew,"6200 NORTHSIDE DR, LOS ANGELES, CA  90022",6200 NORTHSIDE DR,LOS ANGELES,90022,918-06788-0237,237,6788,NO,CA0190002,EAST LOS ANGELES,N
18457804,1/16/18 8:15,1/16/18,VAGRANCY,221,VAGRANCY: Loitering/Curfew,"W LAUREL CANYON BLVD AND N SHERMAN WAY, NORTH HOLLYWOOD, CA",W LAUREL CANYON BLVD AND N SHERMAN WAY,NORTH HOLLYWOOD,,918-00012-6155,6155,12,NO,CA01900V6,METROLINK BUREAU,N
18649767,7/26/18 15:17,7/26/18,VAGRANCY,222,VAGRANCY/QUALITY OF LIFE:Illegal Vending,"1400 73RD ST, LOS ANGELES, CA  90001",1400 73RD ST,LOS ANGELES,90001,918-10836-2172,2172,10836,NO,CA01900V3,CENTURY,N
18762117,11/21/18 20:21,11/21/18,VAGRANCY,221,VAGRANCY: Loitering/Curfew,"SIERRA HWY AND AVENUE J-2, LANCASTER, CA",SIERRA HWY AND AVENUE J-2,LANCASTER,,918-24363-1123,1123,24363,NO,CA0190024,LANCASTER,N
18705787,9/23/18 15:30,9/23/18,VAGRANCY,222,VAGRANCY/QUALITY OF LIFE:Illegal Vending,"MCCLURE AVE AND PEARLE ST, PARAMOUNT, CA  90723",MCCLURE AVE AND PEARLE ST,PARAMOUNT,90723,918-21011-1363,1363,21011,NO,CA0190013,LAKEWOOD,N
18557781,4/23/18 13:00,4/23/18,VAGRANCY,222,VAGRANCY/QUALITY OF LIFE:Illegal Vending,"ROSEMEAD BLVD AND SAN GABRIEL BLVD, EL MONTE, CA  91733",ROSEMEAD BLVD AND SAN GABRIEL BLVD,EL MONTE,91733,918-04962-0576,576,4962,NO,CA0190005,TEMPLE,N
18721740,10/9/18 17:45,10/9/18,VAGRANCY,222,VAGRANCY/QUALITY OF LIFE:Illegal Vending,"SAN JOSE AVE AND SAN MATEO ST, PARAMOUNT, CA  90723",SAN JOSE AVE AND SAN MATEO ST,PARAMOUNT,90723,918-22302-1363,1363,22302,NO,CA0190013,LAKEWOOD,N
18467795,1/25/18 10:37,1/25/18,VAGRANCY,221,VAGRANCY: Loitering/Curfew,"14200 IMPERIAL HWY, LA MIRADA, CA",14200 IMPERIAL HWY,LA MIRADA,,918-01286-0461,461,1286,NO,CA0190004,NORWALK,N
18561191,4/26/18 10:15,4/26/18,VAGRANCY,221,VAGRANCY: Loitering/Curfew,"8500 PIONEER BLVD, WHITTIER, CA",8500 PIONEER BLVD,WHITTIER,,918-02961-1578,1578,2961,NO,CA0190015,PICO RIVERA,N
18648726,7/25/18 13:49,7/25/18,VAGRANCY,222,VAGRANCY/QUALITY OF LIFE:Illegal Vending,"87TH PL AND PLEVKA AVE, LOS ANGELES, CA",87TH PL AND PLEVKA AVE,LOS ANGELES,,918-10769-2174,2174,10769,NO,CA01900V3,CENTURY,N
18553353,4/18/18 18:30,4/18/18,VAGRANCY,221,VAGRANCY: Loitering/Curfew,"2900 EL NIDO DR, ALTADENA, CA  91001",2900 EL NIDO DR,ALTADENA,91001,918-01131-0771,771,1131,NO,CA0190007,ALTADENA,N
18680332,8/27/18 19:44,8/27/18,VAGRANCY,221,VAGRANCY: Loitering/Curfew,"100 E AVENUE J, LANCASTER, CA",100 E AVENUE J,LANCASTER,,918-17390-1132,1132,17390,NO,CA0190024,LANCASTER,N
18610251,6/14/18 9:40,6/14/18,VAGRANCY,221,VAGRANCY: Loitering/Curfew,"11600 WILLOWBROOK AVE, LOS ANGELES, CA  90059",11600 WILLOWBROOK AVE,LOS ANGELES,90059,918-00749-6014,6014,749,NO,CA0190031,TRANSIT SERV BUR,N
18679413,8/26/18 23:10,8/26/18,VAGRANCY,221,VAGRANCY: Loitering/Curfew,"100 E AVENUE J, LANCASTER, CA",100 E AVENUE J,LANCASTER,,918-17302-1132,1132,17302,NO,CA0190024,LANCASTER,N
18659883,8/6/18 17:01,8/6/18,VAGRANCY,221,VAGRANCY: Loitering/Curfew,"1400 E ALONDRA BLVD, COMPTON, CA",1400 E ALONDRA BLVD,COMPTON,,918-11066-2847,2847,11066,NO,CA0190042,COMPTON,N
18580468,5/16/18 7:14,5/16/18,VAGRANCY,221,VAGRANCY: Loitering/Curfew,"E MASON ST, CHATSWORTH, CA  91311",E MASON ST,CHATSWORTH,91311,918-00110-6153,6153,110,NO,CA01900V6,METROLINK BUREAU,N
18633936,7/10/18 2:44,7/10/18,VAGRANCY,221,VAGRANCY: Loitering/Curfew,"MYER RD AND CARMENITA RD, WHITTIER, CA",MYER RD AND CARMENITA RD,WHITTIER,,918-10395-0494,494,10395,NO,CA0190004,NORWALK,N
18787659,12/20/18 14:15,12/20/18,VAGRANCY,221,VAGRANCY: Loitering/Curfew,"800 E AVENUE J, LANCASTER, CA  93535",800 E AVENUE J,LANCASTER,93535,918-26350-1133,1133,26350,NO,CA0190024,LANCASTER,N
18665356,8/12/18 9:52,8/12/18,VAGRANCY,222,VAGRANCY/QUALITY OF LIFE:Illegal Vending,"62ND ST AND COMPTON AVE, LOS ANGELES, CA",62ND ST AND COMPTON AVE,LOS ANGELES,,918-11644-2170,2170,11644,NO,CA01900V3,CENTURY,N
18689513,9/6/18 8:20,9/6/18,VAGRANCY,221,VAGRANCY: Loitering/Curfew,"700 SIERRA HWY, PALMDALE, CA",700 SIERRA HWY,PALMDALE,,918-13154-2650,2650,13154,NO,CA01900W9,PALMDALE,N
18553087,4/18/18 14:30,4/18/18,VAGRANCY,222,VAGRANCY/QUALITY OF LIFE:Illegal Vending,"ROSE HILL RD AND CAPITOL AVE, WHITTIER, CA",ROSE HILL RD AND CAPITOL AVE,WHITTIER,,918-02754-1570,1570,2754,NO,CA0190015,PICO RIVERA,N
18644394,7/20/18 15:26,7/20/18,VAGRANCY,222,VAGRANCY/QUALITY OF LIFE:Illegal Vending,"2000 FLORENCE AVE, LOS ANGELES, CA",2000 FLORENCE AVE,LOS ANGELES,,918-10528-2173,2173,10528,NO,CA01900V3,CENTURY,N
18625780,6/30/18 2:34,6/30/18,VAGRANCY,221,VAGRANCY: Loitering/Curfew,"500 S CITRUS AVE, COVINA, CA  91722",500 S CITRUS AVE,COVINA,91722,918-03420-0862,862,3420,NO,CA0190008,SAN DIMAS,N
18688824,9/5/18 15:07,9/5/18,VAGRANCY,222,VAGRANCY/QUALITY OF LIFE:Illegal Vending,"BROADWAY AND MOUNTAIN VIEW AVE, LOS ANGELES, CA",BROADWAY AND MOUNTAIN VIEW AVE,LOS ANGELES,,918-13002-2178,2178,13002,NO,CA01900V3,CENTURY,N
18584244,5/19/18 16:30,5/19/18,VAGRANCY,222,VAGRANCY/QUALITY OF LIFE:Illegal Vending,"1800 E FLFORENCE AVE, LOS ANGELES, CA",1800 E FLFORENCE AVE,LOS ANGELES,,918-07358-2173,2173,7358,NO,CA01900V3,CENTURY,N
18544228,4/10/18 23:49,4/10/18,VAGRANCY,221,VAGRANCY: Loitering/Curfew,"5900 OLYMPIC BLVD, LOS ANGELES, CA  90022",5900 OLYMPIC BLVD,LOS ANGELES,90022,918-05478-0287,287,5478,NO,CA0190002,EAST LOS ANGELES,N
18762116,11/21/18 20:50,11/21/18,VAGRANCY,221,VAGRANCY: Loitering/Curfew,"SIERRA HWY AND AVENUE J-2, LANCASTER, CA",SIERRA HWY AND AVENUE J-2,LANCASTER,,918-24362-1123,1123,24362,NO,CA0190024,LANCASTER,N
18719348,10/7/18 10:30,10/7/18,VAGRANCY,222,VAGRANCY/QUALITY OF LIFE:Illegal Vending,"18400 S AVALON BLVD, CARSON, CA",18400 S AVALON BLVD,CARSON,,918-10542-1612,1612,10542,NO,CA0190016,CARSON,N
18665975,8/13/18 7:00,8/13/18,VAGRANCY,221,VAGRANCY: Loitering/Curfew,"DIAMOND BAR BLVD AND 60 FRWY, DIAMOND BAR, CA",DIAMOND BAR BLVD AND 60 FRWY,DIAMOND BAR,,918-05176-2920,2920,5176,NO,CA0190020,WALNUT,N
18687700,9/4/18 14:38,9/4/18,VAGRANCY,222,VAGRANCY/QUALITY OF LIFE:Illegal Vending,"1900 73RD ST, LOS ANGELES, CA",1900 73RD ST,LOS ANGELES,,918-12925-2173,2173,12925,NO,CA01900V3,CENTURY,N
18716271,10/4/18 1:45,10/4/18,VAGRANCY,221,VAGRANCY: Loitering/Curfew,"11800 ROSECRANS AVE, NORWALK, CA  90650",11800 ROSECRANS AVE,NORWALK,90650,918-14731-0454,454,14731,NO,CA0190004,NORWALK,N
18681390,8/28/18 18:19,8/28/18,VAGRANCY,221,VAGRANCY: Loitering/Curfew,"100 E AVENUE J, LANCASTER, CA",100 E AVENUE J,LANCASTER,,918-17491-1132,1132,17491,NO,CA0190024,LANCASTER,N
18556009,4/21/18 11:35,4/21/18,VAGRANCY,222,VAGRANCY/QUALITY OF LIFE:Illegal Vending,"6400 ALONDRA BLVD, PARAMOUNT, CA  90723",6400 ALONDRA BLVD,PARAMOUNT,90723,918-08997-1366,1366,8997,NO,CA0190013,LAKEWOOD,N
18576390,5/11/18 15:28,5/11/18,VAGRANCY,222,VAGRANCY/QUALITY OF LIFE:Illegal Vending,"LONG BEACH BLVD AND IMPERIAL HWY, LYNWOOD, CA  90262",LONG BEACH BLVD AND IMPERIAL HWY,LYNWOOD,90262,918-06954-2116,2116,6954,NO,CA01900V3,CENTURY,N
18649470,7/26/18 9:28,7/26/18,VAGRANCY,221,VAGRANCY: Loitering/Curfew,"VALLEY BLVD AND 71 FRWY, POMONA, CA",VALLEY BLVD AND 71 FRWY,POMONA,,918-04727-2916,2916,4727,NO,CA0190020,WALNUT,N
18727772,10/16/18 3:53,10/16/18,VAGRANCY,221,VAGRANCY: Loitering/Curfew,"10800 EXCELSIOR, NORWALK, CA",10800 EXCELSIOR,NORWALK,,918-15404-0455,455,15404,NO,CA0190004,NORWALK,N
18691620,9/8/18 12:02,9/8/18,VAGRANCY,222,VAGRANCY/QUALITY OF LIFE:Illegal Vending,"61ST ST AND COMPTON AVE, LOS ANGELES, CA  90001",61ST ST AND COMPTON AVE,LOS ANGELES,90001,918-13128-2171,2171,13128,NO,CA01900V3,CENTURY,N
18792503,12/27/18 7:15,12/27/18,VAGRANCY,221,VAGRANCY: Loitering/Curfew,"300 S DIAMOND BAR BLVD, DIAMOND BAR, CA",300 S DIAMOND BAR BLVD,DIAMOND BAR,,918-08855-2922,2922,8855,NO,CA0190020,WALNUT,N
18678468,8/25/18 15:20,8/25/18,VAGRANCY,222,VAGRANCY/QUALITY OF LIFE:Illegal Vending,"18400 S AVALON BLVD, CARSON, CA",18400 S AVALON BLVD,CARSON,,918-08905-1612,1612,8905,NO,CA0190016,CARSON,N
18767279,11/28/18 11:30,11/28/18,VAGRANCY,221,VAGRANCY: Loitering/Curfew,"29200 HEATHERCLIFF RD, MALIBU, CA  90265",29200 HEATHERCLIFF RD,MALIBU,90265,918-06789-1013,1013,6789,NO,CA0190022,MALIBU/LOST HILLS,N
18701449,9/18/18 18:56,9/18/18,VAGRANCY,221,VAGRANCY: Loitering/Curfew,"1500 W AVENUE K, LANCASTER, CA",1500 W AVENUE K,LANCASTER,,918-19139-1126,1126,19139,NO,CA0190024,LANCASTER,N
18715215,10/3/18 6:40,10/3/18,VAGRANCY,221,VAGRANCY: Loitering/Curfew,"WOODMAN PL AND RAYMER ST, VAN NUYS, CA",WOODMAN PL AND RAYMER ST,VAN NUYS,,918-00228-6151,6151,228,NO,CA01900V6,METROLINK BUREAU,N
18477161,2/3/18 11:23,2/3/18,VAGRANCY,222,VAGRANCY/QUALITY OF LIFE:Illegal Vending,"ALONDRA BLVD AND 710 FWY, PARAMOUNT, CA  90723",ALONDRA BLVD AND 710 FWY,PARAMOUNT,90723,918-02769-1366,1366,2769,NO,CA0190013,LAKEWOOD,N
18690258,9/6/18 20:41,9/6/18,VAGRANCY,222,VAGRANCY/QUALITY OF LIFE:Illegal Vending,"FLORENCE AVE AND MILES AVE, HUNTINGTON PARK, CA  90255",FLORENCE AVE AND MILES AVE,HUNTINGTON PARK,90255,918-13056-2178,2178,13056,NO,CA01900V3,CENTURY,N
18793402,12/28/18 8:00,12/28/18,VAGRANCY,221,VAGRANCY: Loitering/Curfew,"SEPULVEDA BLVD AND RAYMER ST, VAN NUYS, CA",SEPULVEDA BLVD AND RAYMER ST,VAN NUYS,,918-00277-6152,6152,277,NO,CA01900V6,METROLINK BUREAU,N
18548284,4/13/18 14:20,4/13/18,VAGRANCY,222,VAGRANCY/QUALITY OF LIFE:Illegal Vending,"ALLEN AVE AND JACKSON ST, PARAMOUNT, CA  90723",ALLEN AVE AND JACKSON ST,PARAMOUNT,90723,918-08323-1367,1367,8323,NO,CA0190013,LAKEWOOD,N
18568766,5/4/18 8:52,5/4/18,VAGRANCY,222,VAGRANCY/QUALITY OF LIFE:Illegal Vending,"73RD ST AND COMPTON AVE, LOS ANGELES, CA",73RD ST AND COMPTON AVE,LOS ANGELES,,918-06620-2172,2172,6620,NO,CA01900V3,CENTURY,N
18589753,5/24/18 18:07,5/24/18,VAGRANCY,221,VAGRANCY: Loitering/Curfew,"200 ROSEMEAD BLVD, PASADENA, CA  91107",200 ROSEMEAD BLVD,PASADENA,91107,018-06315-0590,590,6315,YES,CA0190005,TEMPLE,N
18751583,11/1/18 15:55,11/9/18,VAGRANCY,221,VAGRANCY: Loitering/Curfew,"COLIMA RD AND AZUSA AVE, INDUSTRY, CA",COLIMA RD AND AZUSA AVE,INDUSTRY,,918-14703-1416,1416,14703,NO,CA0190014,INDUSTRY,N
18697887,9/14/18 18:15,9/14/18,VAGRANCY,221,VAGRANCY: Loitering/Curfew,"12TH ST W AND AVENUE K, LANCASTER, CA",12TH ST W AND AVENUE K,LANCASTER,,918-18822-1126,1126,18822,NO,CA0190024,LANCASTER,N